step,system_total_stopped,system_total_waiting_time,system_mean_waiting_time,system_mean_speed,tl_1_stopped,tl_1_accumulated_waiting_time,tl_1_average_speed,agents_total_stopped,agents_total_accumulated_waiting_time
0.0,0,0.0,0.0,0.0,0,0.0,1.0,0,0.0
5.0,0,0.0,0.0,4.899983625735955,0,0.0,0.34526897801595685,0,0.0
10.0,1,0.0,0.0,10.696347066789418,1,0.0,0.7476170602574089,1,0.0
15.0,0,0.0,0.0,11.68786369085768,0,0.0,0.8154495143515924,0,0.0
20.0,1,0.0,0.0,11.306095857997212,1,0.0,0.7960357931863185,1,0.0
25.0,1,0.0,0.0,10.448529949426858,1,0.0,0.7520297520492948,1,0.0
30.0,4,5.0,0.125,8.436824821935058,4,5.0,0.6313841303435686,4,5.0
35.0,11,40.0,0.8888888888888888,8.486757507824706,9,32.0,0.6126251943823344,9,32.0
40.0,11,82.0,1.5185185185185186,8.45880385882153,9,64.0,0.5903351027740197,9,64.0
45.0,9,122.0,2.103448275862069,9.378842965418553,7,94.0,0.645127766359613,7,94.0
50.0,15,177.0,2.6818181818181817,8.669708965833838,13,140.0,0.5369092415606614,13,140.0
55.0,19,253.0,3.7205882352941178,8.233212653589746,17,205.0,0.5234568903021423,17,205.0
60.0,18,339.0,4.913043478260869,8.546775987028058,16,281.0,0.5401588971256266,16,281.0
65.0,17,372.0,5.23943661971831,7.659766573611548,15,326.0,0.44987982794459574,15,326.0
70.0,21,460.0,6.388888888888889,7.561173090518969,19,403.0,0.43822775476702513,19,403.0
75.0,26,571.0,7.1375,6.715384567622945,24,500.0,0.36403487051531525,24,500.0
80.0,27,684.0,8.341463414634147,7.451070792039799,25,609.0,0.44231691572996157,25,609.0
85.0,28,765.0,9.0,7.439444984708389,26,700.0,0.4194679789843567,26,700.0
90.0,26,864.0,10.285714285714286,7.522258774091884,24,803.0,0.44418465536832774,24,803.0
95.0,30,1002.0,11.928571428571429,6.95458266039985,28,925.0,0.4090543777858967,28,925.0
100.0,36,1154.0,13.113636363636363,6.106663105415461,34,1061.0,0.328774911281727,34,1061.0
105.0,35,1202.0,13.816091954022989,5.794369670099633,34,1220.0,0.3265544186097545,34,1220.0
110.0,34,1318.0,14.172043010752688,5.881436431481019,32,1330.0,0.31790867460427324,32,1330.0
115.0,37,1485.0,15.46875,6.1706647353865,35,1471.0,0.3508489773919679,35,1471.0
120.0,41,1675.0,16.75,6.19829755824453,39,1645.0,0.33343191721053916,39,1645.0
125.0,46,1885.0,18.663366336633665,6.291312950963523,44,1825.0,0.3455844245735895,44,1825.0
130.0,43,1674.0,16.90909090909091,5.406430091779713,43,2015.0,0.29185684438316645,43,2015.0
135.0,42,765.0,7.5,4.784514695543271,42,1814.0,0.25449771204366367,42,1814.0
140.0,38,274.0,2.6346153846153846,4.596486578795621,36,1635.0,0.24966402334129167,36,1635.0
145.0,56,481.0,4.453703703703703,4.1321045521283875,54,1604.0,0.21699395828508192,54,1604.0
150.0,63,748.0,6.8,4.177725636762503,63,1868.0,0.22115695732457152,63,1868.0
155.0,60,744.0,6.526315789473684,4.0619221626204185,60,1952.0,0.2163011953693681,60,1952.0
160.0,52,598.0,5.111111111111111,4.0807897583992645,50,2112.0,0.21541322774200464,50,2112.0
165.0,49,577.0,4.848739495798319,4.419500947170494,47,2230.0,0.2308271129374636,47,2230.0
170.0,47,680.0,5.573770491803279,4.247177820416514,45,2377.0,0.21242039508360172,45,2377.0
175.0,56,910.0,7.338709677419355,4.5799381301913185,54,2550.0,0.2233832150251692,54,2550.0
180.0,61,1197.0,9.4251968503937,4.529000912251221,59,2781.0,0.20047405616090927,59,2781.0
185.0,69,1525.0,11.466165413533835,4.357920950663484,67,3067.0,0.19498649176814406,67,3067.0
190.0,69,1836.0,13.6,4.719721271282402,67,3360.0,0.2227844682047377,67,3360.0
195.0,60,2047.0,15.276119402985074,4.803646551632984,58,3593.0,0.23444211397645912,58,3593.0
200.0,60,2303.0,17.05925925925926,4.8252383548437185,58,3826.0,0.24308527615173806,58,3826.0
205.0,60,2443.0,17.575539568345324,4.455384531971309,58,4049.0,0.2065550160544702,58,4049.0
210.0,68,2762.0,19.8705035971223,4.650620059226494,66,4346.0,0.21640403865066565,66,4346.0
215.0,78,3124.0,22.63768115942029,4.505736379970835,76,4682.0,0.194976519506944,76,4682.0
220.0,77,3484.0,24.363636363636363,4.421911984619487,75,5045.0,0.19320995912343547,75,5045.0
225.0,71,3594.0,25.48936170212766,4.682311393577454,69,5274.0,0.2201483397075732,69,5274.0
230.0,58,3352.0,23.44055944055944,4.524906938297443,57,5433.0,0.2194006968520211,57,5433.0
235.0,63,3407.0,23.825174825174827,4.494571891667515,61,5718.0,0.2245319602729723,61,5718.0
240.0,67,3708.0,26.112676056338028,4.064695499423696,65,6009.0,0.18739560203012304,65,6009.0
245.0,75,4066.0,28.23611111111111,4.095965790162902,73,6362.0,0.1899200367562139,73,6362.0
250.0,84,4467.0,30.595890410958905,4.160920057855668,82,6745.0,0.17957563759909909,82,6745.0
255.0,87,4407.0,29.38,3.7066131670087787,87,7154.0,0.16745323298597808,87,7154.0
260.0,77,3264.0,21.333333333333332,3.929325958505679,77,6774.0,0.19061482790964832,77,6774.0
265.0,70,1662.0,10.862745098039216,3.9435237998284385,68,6245.0,0.19292450019568053,68,6245.0
270.0,62,1091.0,7.177631578947368,3.997917499316049,60,6069.0,0.19457143784325004,60,6069.0
275.0,74,1239.0,8.045454545454545,3.6368806649040035,72,5848.0,0.16484680258241025,72,5848.0
280.0,92,1656.0,10.481012658227849,3.298036882026825,90,6010.0,0.12766582701974027,90,6010.0
285.0,98,2119.0,13.41139240506329,3.2581986937353,96,6275.0,0.11955539174897324,96,6275.0
290.0,104,2573.0,16.18238993710692,2.7572387882033995,102,6606.0,0.09593897988340996,102,6606.0
295.0,109,3063.0,18.676829268292682,3.0593441378213373,107,6978.0,0.11051148017351023,107,6978.0
300.0,114,3505.0,21.242424242424242,3.017048068149218,112,7308.0,0.11263252608756594,112,7308.0
305.0,117,4021.0,24.36969696969697,2.8888114565501195,115,7757.0,0.11157486084204929,115,7757.0
310.0,121,4434.0,27.036585365853657,2.368877394890784,119,8136.0,0.08610655898393396,119,8136.0
315.0,128,5051.0,30.612121212121213,1.9522477322891114,126,8581.0,0.058163172684726074,126,8581.0
320.0,135,5709.0,33.781065088757394,1.7467409745569251,133,9227.0,0.0530540417841431,133,9227.0
325.0,147,6213.0,35.502857142857145,1.5557997955926033,147,9916.0,0.04371866080847889,147,9916.0
330.0,138,5965.0,33.89204545454545,1.5187188517986778,138,10040.0,0.055940364465701206,138,10040.0
335.0,127,5051.0,28.86285714285714,1.766792312500513,125,10218.0,0.07266784559473297,125,10218.0
340.0,120,4481.0,25.460227272727273,2.1435288292938703,118,10476.0,0.08790416949171302,118,10476.0
345.0,113,3811.0,21.17222222222222,2.667294973532744,111,10622.0,0.10168809958453735,111,10622.0
350.0,108,3272.0,18.07734806629834,2.8000168776677383,106,10885.0,0.10753293121550232,106,10885.0
355.0,100,2770.0,15.561797752808989,2.6607740623670844,98,11123.0,0.09946302283050297,98,11123.0
360.0,96,2455.0,14.028571428571428,2.889491894187706,94,11281.0,0.11175454711566739,94,11281.0
365.0,90,2244.0,12.32967032967033,3.223919337208467,88,11419.0,0.13517674833247922,88,11419.0
370.0,83,2191.0,12.378531073446327,3.583474782442086,81,11543.0,0.15992759419009767,81,11543.0
375.0,82,2320.0,13.181818181818182,3.933141033143561,80,11671.0,0.17295714351913422,80,11671.0
380.0,89,2752.0,15.725714285714286,3.9143166444108712,87,11885.0,0.18297169615222686,87,11885.0
385.0,102,3223.0,18.3125,3.7779475851561712,100,12080.0,0.16169619737486798,100,12080.0
390.0,101,3711.0,21.45086705202312,3.575802544415527,99,12253.0,0.15472495102727982,99,12253.0
395.0,90,3846.0,22.23121387283237,3.477039552921277,89,12136.0,0.15071417558533176,89,12136.0
400.0,93,4076.0,22.519337016574585,3.6660161805745153,92,12025.0,0.16206225488124099,92,12025.0
405.0,95,4251.0,23.882022471910112,3.3724218424418706,95,12479.0,0.1609936540680071,95,12479.0
410.0,94,3525.0,19.692737430167597,2.9291499599827113,94,12189.0,0.14726917105275975,94,12189.0
415.0,84,2444.0,13.21081081081081,3.1681759718752542,82,11939.0,0.1476081718341159,82,11939.0
420.0,83,2431.0,13.357142857142858,2.8413026734915743,81,12140.0,0.1231925512002043,81,12140.0
425.0,96,2584.0,14.120218579234972,2.54302188919147,94,12357.0,0.10567146763113444,94,12357.0
430.0,111,3074.0,16.526881720430108,2.2743649436649185,109,12802.0,0.07742919074346856,109,12802.0
435.0,125,3656.0,19.141361256544503,2.033392555379271,123,13376.0,0.06755198641300479,123,13376.0
440.0,131,4284.0,22.3125,1.987580542643453,129,14007.0,0.06772495317302403,129,14007.0
445.0,142,4962.0,25.70984455958549,1.5606946636935686,140,14681.0,0.05359546125272229,140,14681.0
450.0,149,5594.0,29.135416666666668,1.2759262430014016,148,15127.0,0.04387650464072725,148,15127.0
455.0,157,6204.0,32.3125,1.1322839049724915,156,15422.0,0.03512727637024756,156,15422.0
460.0,166,6950.0,36.01036269430052,0.972387577001644,164,16227.0,0.02745839183446845,164,16227.0
465.0,176,7813.0,40.90575916230367,0.7913007607348719,174,17084.0,0.01782914851401738,174,17084.0
470.0,179,8699.0,44.84020618556701,0.78466778660349,177,17960.0,0.01897487725404835,177,17960.0
475.0,177,9560.0,49.27835051546392,0.9233620059772214,176,18650.0,0.033394212347769514,176,18650.0
480.0,172,10366.0,53.989583333333336,1.0908454391870708,171,19358.0,0.04096369225966791,171,19358.0
485.0,172,11212.0,58.70157068062827,1.0619747887023083,170,20064.0,0.039124195696021435,170,20064.0
490.0,175,12079.0,63.57368421052632,0.8640914588116396,173,20921.0,0.03520718459630044,173,20921.0
495.0,178,12962.0,67.86387434554973,0.7872979394006198,176,21795.0,0.02545756137038112,176,21795.0
500.0,175,13809.0,73.06349206349206,0.7134426633666674,174,22553.0,0.015537998557378845,174,22553.0
505.0,176,14643.0,77.06842105263158,0.7927540080954663,175,23271.0,0.018770315565763803,175,23271.0
510.0,174,15508.0,81.19371727748691,0.9434964128993658,172,24128.0,0.03042716094599972,172,24128.0
515.0,172,16363.0,85.67015706806282,1.1563865755772504,171,24958.0,0.03882717264417583,171,24958.0
520.0,171,16724.0,88.02105263157895,1.0799302293592192,171,25811.0,0.034717091787013564,171,25811.0
525.0,161,15650.0,82.80423280423281,1.2173241177163874,161,25571.0,0.046166977559783995,161,25571.0
530.0,145,13747.0,73.51336898395722,1.4858216141630745,143,25307.0,0.054986071434708475,143,25307.0
535.0,137,12173.0,65.09625668449198,1.6784052274384367,135,25432.0,0.050743557212427286,135,25432.0
540.0,128,10549.0,57.02162162162162,2.1477536284574894,126,25259.0,0.0628708687595456,126,25259.0
545.0,118,9110.0,48.45744680851064,2.5595910091336456,116,25280.0,0.08967552488068337,116,25280.0
550.0,109,7529.0,40.6972972972973,3.061428304815556,107,25146.0,0.11763878272825865,107,25146.0
555.0,100,5951.0,32.51912568306011,3.2091255468765247,98,25201.0,0.13101693333421924,98,25201.0
560.0,93,4812.0,27.03370786516854,3.4497829483983793,91,25225.0,0.15573675411268298,91,25225.0
565.0,85,3228.0,18.34090909090909,3.778449222124942,83,24977.0,0.1674130813548576,83,24977.0
570.0,80,2420.0,14.319526627218934,3.857190557617695,78,24804.0,0.17870726818266838,78,24804.0
575.0,90,2846.0,17.14457831325301,3.5714531902541014,88,24896.0,0.16916577389916837,88,24896.0
580.0,99,3315.0,19.273255813953487,3.5243853910287806,97,24583.0,0.15737664917756117,97,24583.0
585.0,104,3805.0,21.742857142857144,3.859802641617255,102,24393.0,0.18346921681971437,102,24393.0
590.0,99,4192.0,24.23121387283237,3.7450643099215255,97,23291.0,0.18237231063226822,97,23291.0
595.0,98,4579.0,26.165714285714287,3.707683289265614,96,23205.0,0.17722696408064048,96,23205.0
600.0,92,4712.0,26.62146892655367,3.776242926015492,91,22523.0,0.1699262047782803,91,22523.0
605.0,87,4637.0,25.905027932960895,3.4479793753184227,85,22313.0,0.14792040386052158,85,22313.0
610.0,86,4558.0,25.322222222222223,3.4661097223372295,84,22185.0,0.1441311641985443,84,22185.0
615.0,91,4682.0,25.867403314917127,3.3238351889124673,89,22602.0,0.14262221922554624,89,22602.0
620.0,94,4891.0,26.726775956284154,3.609697295410495,92,23041.0,0.1544413333980327,92,23041.0
625.0,94,5225.0,28.867403314917127,3.6217364847010516,92,23172.0,0.1665166748018187,92,23172.0
630.0,91,5620.0,30.87912087912088,3.600759169039725,89,23603.0,0.16753381925332747,89,23603.0
635.0,97,6068.0,32.97826086956522,3.404030351917931,95,23911.0,0.150085557858798,95,23911.0
640.0,108,6581.0,34.636842105263156,3.5226794365875476,106,24414.0,0.1381164085049847,106,24414.0
645.0,114,7137.0,38.37096774193548,3.5009430451266046,112,24961.0,0.14609918302660743,112,24961.0
650.0,119,7727.0,41.101063829787236,3.137060231919705,117,25538.0,0.13782877379919367,117,25538.0
655.0,118,7491.0,39.015625,3.0276176018034113,118,26069.0,0.13364192569152883,118,26069.0
660.0,109,6459.0,33.81675392670157,2.8028431662990916,109,25588.0,0.13574536401429588,109,25588.0
665.0,107,5231.0,27.53157894736842,2.531211367554357,105,25623.0,0.13260392312845704,105,25623.0
670.0,119,4668.0,24.186528497409327,2.466050725961141,117,25805.0,0.11678527096467683,117,25805.0
675.0,123,4868.0,24.836734693877553,2.2548268599936674,121,26083.0,0.09314268599068633,121,26083.0
680.0,120,5337.0,27.229591836734695,2.151541917470687,118,26408.0,0.08138844146310517,118,26408.0
685.0,135,5904.0,29.22772277227723,2.1058966134251142,133,26814.0,0.07230222202804554,133,26814.0
690.0,141,6584.0,31.961165048543688,2.1478193995687502,139,27324.0,0.0650069803905075,139,27324.0
695.0,157,7277.0,34.98557692307692,2.1358293065981635,155,27888.0,0.06185236290049934,155,27888.0
700.0,157,8016.0,39.10243902439024,1.7724873978363238,155,28620.0,0.05225324869488032,155,28620.0
705.0,166,8575.0,41.62621359223301,1.527574743584928,166,29418.0,0.03783408432044301,166,29418.0
710.0,168,8769.0,42.98529411764706,1.2316369765679542,168,29125.0,0.03229043319288026,168,29125.0
715.0,160,7806.0,39.03,1.3571817346001407,158,29667.0,0.034242666564977466,158,29667.0
720.0,151,7114.0,35.92929292929293,1.723528574172723,149,30176.0,0.044318167315730454,149,30176.0
725.0,138,6074.0,30.37,2.1322966737015365,136,30585.0,0.06387401237766271,136,30585.0
730.0,132,5450.0,27.525252525252526,2.4625833323549546,130,31055.0,0.08893868322537461,130,31055.0
735.0,122,4694.0,23.948979591836736,2.7346053577840848,120,31488.0,0.1009040460645773,120,31488.0
740.0,114,3981.0,20.52061855670103,3.075421088500755,112,31768.0,0.11237607602036542,112,31768.0
745.0,106,3511.0,18.675531914893618,2.9803935591930513,104,32104.0,0.1200659153511443,104,32104.0
750.0,99,3135.0,17.225274725274726,3.0397883163498247,97,32375.0,0.12890066761408595,97,32375.0
755.0,95,3158.0,17.64245810055866,3.31739565728376,93,32628.0,0.14140143721808565,93,32628.0
760.0,106,3659.0,19.672043010752688,3.6226208339763146,104,32949.0,0.15235580264370946,104,32949.0
765.0,115,4197.0,22.809782608695652,3.7160279478797187,113,33159.0,0.16052604613394783,113,33159.0
770.0,114,4736.0,25.6,3.655743682564342,112,33350.0,0.15617914398005753,112,33350.0
775.0,115,4984.0,27.23497267759563,3.3037326728595398,115,33897.0,0.1437293205937696,115,33897.0
780.0,111,4587.0,24.794594594594596,2.841166750425382,111,33453.0,0.11841950627474795,111,33453.0
785.0,109,3904.0,21.102702702702704,2.549918488698476,107,33207.0,0.10724673441541828,107,33207.0
790.0,110,3675.0,20.081967213114755,2.561191154668119,108,33479.0,0.11239817256290273,108,33479.0
795.0,113,3592.0,19.106382978723403,2.4376926274527038,111,33859.0,0.09398013181752983,111,33859.0
800.0,125,4047.0,21.18848167539267,2.3111571073405712,123,34383.0,0.09081107413729518,123,34383.0
805.0,133,4591.0,23.787564766839377,2.337899898735598,131,34911.0,0.0805117914985805,131,34911.0
810.0,141,5216.0,27.166666666666668,1.992607959161081,139,35575.0,0.07155359144380279,139,35575.0
815.0,157,5897.0,30.24102564102564,1.5812933704098335,156,36297.0,0.05700450619474947,156,36297.0
820.0,159,6541.0,33.54358974358974,1.3246190532403896,157,36855.0,0.04849820309869553,157,36855.0
825.0,168,7139.0,36.423469387755105,1.0605010181087713,168,37665.0,0.03122254904079936,168,37665.0
830.0,165,7161.0,35.805,1.012982839493357,165,37089.0,0.02748347796749708,165,37089.0
835.0,157,6479.0,32.395,1.3722693566517297,155,36840.0,0.05269146040910682,155,36840.0
840.0,149,5941.0,29.557213930348258,1.7753078491450838,147,37132.0,0.061276252628317485,147,37132.0
845.0,141,5483.0,27.415,2.24835914019029,139,37397.0,0.0769489877197792,139,37397.0
850.0,131,4760.0,23.91959798994975,2.66424799542649,129,37649.0,0.08554192084887631,129,37649.0
855.0,126,4423.0,22.451776649746193,2.8905964669185784,124,38074.0,0.09715566144626522,124,38074.0
860.0,117,3981.0,20.734375,2.9956872888743526,115,38432.0,0.1036065308800325,115,38432.0
865.0,112,3544.0,18.554973821989527,3.0268644773825093,110,38755.0,0.10712161154300295,110,38755.0
870.0,99,3279.0,17.724324324324325,3.420377739514555,97,39002.0,0.1421668182993751,97,39002.0
875.0,96,3194.0,17.646408839779006,3.8836963879462734,94,39257.0,0.17758346278162712,94,39257.0
880.0,105,3692.0,20.285714285714285,3.8266340846589397,103,39577.0,0.17758441715584922,103,39577.0
885.0,110,4230.0,23.370165745856355,3.6847922877068386,108,39858.0,0.16222751371092012,108,39858.0
890.0,117,4793.0,26.04891304347826,3.6033392747054465,115,40062.0,0.14789432937077845,115,40062.0
895.0,119,5379.0,30.219101123595507,3.332860571822781,117,40395.0,0.14388944595304193,117,40395.0
900.0,128,5995.0,33.30555555555556,3.2637492858521813,126,40848.0,0.1367357462330758,126,40848.0
905.0,128,6633.0,35.85405405405405,3.1910363915174904,126,41294.0,0.13130840957019269,126,41294.0
910.0,130,7277.0,39.76502732240437,3.364369393613585,128,41778.0,0.14143343590865837,128,41778.0
915.0,125,7589.0,41.46994535519126,3.383468361786218,123,41202.0,0.13765710161974015,123,41202.0
920.0,97,5988.0,33.0828729281768,3.239646107850302,97,38168.0,0.14348350981251176,97,38168.0
925.0,79,4179.0,22.71195652173913,3.00798657318239,79,36164.0,0.13802491890201363,79,36164.0
930.0,69,2561.0,13.918478260869565,3.1637713670749936,67,36195.0,0.1440090773322615,67,36195.0
935.0,68,1981.0,10.94475138121547,2.843416895166775,66,36232.0,0.131552508069122,66,36232.0
940.0,91,1833.0,9.85483870967742,2.663069390068816,89,36394.0,0.1253396588460953,89,36394.0
945.0,99,1879.0,9.941798941798941,2.826690757124479,97,36753.0,0.11915538434882302,97,36753.0
950.0,112,2349.0,12.234375,2.626093570616486,110,37206.0,0.09720152377073583,110,37206.0
955.0,133,2948.0,15.27461139896373,2.204033988315377,131,37798.0,0.07972309677289326,131,37798.0
960.0,142,3524.0,18.07179487179487,1.870806319912388,141,38196.0,0.06017393702847367,141,38196.0
965.0,147,4087.0,20.95897435897436,1.4831370330735834,145,38910.0,0.046833435561422394,145,38910.0
970.0,158,4780.0,24.512820512820515,1.0467012029680078,157,39416.0,0.03169917788886351,157,39416.0
975.0,167,5580.0,27.9,1.0632145619774507,166,39994.0,0.03193493775058142,166,39994.0
980.0,174,6433.0,32.004975124378106,1.2133984878587902,172,40646.0,0.04802225469820286,172,40646.0
985.0,183,7321.0,36.064039408866996,1.0573726923068234,181,41524.0,0.036761550828004495,181,41524.0
990.0,186,8240.0,40.59113300492611,0.9620802157052482,184,42433.0,0.03065167828928199,184,42433.0
995.0,188,9176.0,45.65174129353234,0.7852467417536192,186,43359.0,0.032331186100907044,186,43359.0
1000.0,188,10116.0,50.58,0.6400967388951162,186,44289.0,0.018581348439061746,186,44289.0
1005.0,185,10963.0,55.36868686868687,0.6532105293206667,184,45035.0,0.01727630259544577,184,45035.0
1010.0,181,11805.0,59.025,0.770638591984663,180,45665.0,0.024951170600215893,180,45665.0
1015.0,182,12712.0,62.93069306930693,0.9648267280896112,181,46567.0,0.03550316600667155,181,46567.0
1020.0,182,13617.0,68.085,0.9595383954410239,180,47378.0,0.04190148713643675,180,47378.0
1025.0,185,14535.0,72.675,0.8242789600632672,183,48286.0,0.028037160718480936,183,48286.0
1030.0,186,15465.0,77.71356783919597,0.7625006373442152,184,49206.0,0.03244703132942796,184,49206.0
1035.0,186,16395.0,82.38693467336684,0.7190239579261438,184,50126.0,0.03290093238035437,184,50126.0
1040.0,187,17329.0,87.52020202020202,0.6429814730913462,185,51050.0,0.01946024502807002,185,51050.0
1045.0,189,18213.0,91.52261306532664,0.47887652115570656,188,51974.0,0.015595997672237598,188,51974.0
1050.0,184,19075.0,94.90049751243781,0.7775529065452382,182,52805.0,0.027124228330536876,182,52805.0
1055.0,179,19599.0,97.995,1.063759854519897,179,52906.0,0.03859759923991052,179,52906.0
1060.0,177,19873.0,98.87064676616916,1.107014006025718,175,53759.0,0.03037040567340633,175,53759.0
1065.0,178,20165.0,100.825,1.0222688355165894,176,54639.0,0.032953583117460494,176,54639.0
1070.0,178,20695.0,103.99497487437186,0.9378706254532849,176,55518.0,0.02574609046031896,176,55518.0
1075.0,176,20986.0,106.52791878172589,0.7598042516293092,174,56391.0,0.020704414642745417,174,56391.0
1080.0,174,21563.0,111.72538860103627,0.5439609694318248,173,57260.0,0.01745507354392983,173,57260.0
1085.0,177,22410.0,113.18181818181819,0.7111214175714441,175,58098.0,0.029455703389039342,175,58098.0
1090.0,180,23300.0,117.67676767676768,0.9455990025270407,179,58976.0,0.034118811333069494,179,58976.0
1095.0,178,24065.0,122.15736040609137,0.9509575252614582,178,59131.0,0.03480986740289281,178,59131.0
1100.0,174,24790.0,125.20202020202021,1.1924167080677983,174,58573.0,0.03836206195189931,174,58573.0
1105.0,172,25536.0,129.62436548223351,1.19992266184095,171,58762.0,0.03913562603673443,171,58762.0
1110.0,170,26281.0,133.40609137055839,1.1109955296006522,169,59608.0,0.025270928780517177,169,59608.0
1115.0,167,27011.0,139.2319587628866,1.0914359846486812,167,60446.0,0.0249616669899675,167,60446.0
1120.0,164,27695.0,139.87373737373738,1.2825490041458338,164,60014.0,0.03185403311640704,164,60014.0
1125.0,164,28485.0,148.359375,1.1204148259751348,163,60821.0,0.0435589019269861,163,60821.0
1130.0,164,29280.0,151.7098445595855,1.08129023793624,163,61629.0,0.0356097975100472,163,61629.0
1135.0,167,30095.0,156.74479166666666,0.9281839250182635,166,62448.0,0.033707551636753735,166,62448.0
1140.0,168,30930.0,162.78947368421052,0.8503635124490588,167,63275.0,0.03723272616753441,167,63275.0
1145.0,172,31783.0,168.16402116402116,0.6108315254294734,171,64108.0,0.02430397424909306,171,64108.0
1150.0,177,32657.0,175.5752688172043,0.4392074910160003,175,64958.0,0.0176091153576369,175,64958.0
1155.0,179,33545.0,176.55263157894737,0.5546346911060673,177,65816.0,0.02224381996268596,177,65816.0
1160.0,178,34426.0,179.30208333333334,0.8402342186141892,177,66670.0,0.03186592597241441,177,66670.0
1165.0,174,35126.0,182.0,1.036434982811538,174,66905.0,0.03803388810658595,174,66905.0
1170.0,168,35816.0,187.51832460732984,1.0723381863123596,168,66624.0,0.04064564597694621,168,66624.0
1175.0,165,36529.0,190.25520833333334,1.205626877049222,165,66940.0,0.038603249821850115,165,66940.0
1180.0,165,37238.0,197.02645502645504,0.9830122871482173,164,67743.0,0.03838937663352381,164,67743.0
1185.0,166,37993.0,201.02116402116403,0.9182338756764725,164,68526.0,0.025630923686263078,164,68526.0
1190.0,169,38832.0,202.25,0.8647594645575932,167,69315.0,0.018048864623159536,167,69315.0
1195.0,169,39623.0,206.36979166666666,1.056950491742335,169,69644.0,0.036165877904937443,169,69644.0
1200.0,169,40390.0,213.7037037037037,1.0201794230988466,168,70463.0,0.038099683949341615,168,70463.0
1205.0,166,41169.0,217.82539682539684,0.9894458370874699,166,70821.0,0.03291828518218178,166,70821.0
1210.0,161,41914.0,221.76719576719577,1.1414584575988929,161,71165.0,0.03766101637079959,161,71165.0
1215.0,158,42690.0,228.28877005347593,1.2145040107731735,158,70830.0,0.04448143157290552,158,70830.0
1220.0,159,43482.0,235.03783783783783,1.0498396460130088,158,71568.0,0.029023597138060242,158,71568.0
1225.0,165,44279.0,236.7860962566845,0.9564648524525159,165,72314.0,0.027827869992377942,165,72314.0
1230.0,154,41375.0,220.07978723404256,1.1373860018629351,154,70578.0,0.03973000133478028,154,70578.0
1235.0,143,36363.0,195.5,1.5136369375769778,141,70134.0,0.057396532484528036,141,70134.0
1240.0,136,31254.0,168.94054054054055,1.8910319676394562,134,69038.0,0.06431211709048762,134,69038.0
1245.0,131,28558.0,153.53763440860214,2.3464074559977397,129,67253.0,0.07651618411198985,129,67253.0
1250.0,122,24307.0,132.10326086956522,2.5951039680542887,120,66514.0,0.0893747660105537,120,66514.0
1255.0,115,19762.0,109.18232044198895,2.804152926769807,113,65533.0,0.09242275646085081,113,65533.0
1260.0,108,15223.0,86.49431818181819,2.887326875147542,106,65115.0,0.10734552135952158,106,65115.0
1265.0,97,10079.0,56.943502824858754,3.178260786851671,95,64027.0,0.13369853757571973,95,64027.0
1270.0,88,5801.0,33.72674418604651,3.494312056120883,86,63233.0,0.16326455669476522,86,63233.0
1275.0,83,2122.0,12.55621301775148,3.775639505627524,81,62083.0,0.18128364231338623,81,62083.0
1280.0,90,2552.0,15.011764705882353,3.9455834068388453,88,60930.0,0.1946517228712407,88,60930.0
1285.0,97,3017.0,17.64327485380117,3.719757689791357,95,59210.0,0.17172997814901975,95,59210.0
1290.0,103,3517.0,20.688235294117646,3.5284135978749,101,57829.0,0.1551645688651938,101,57829.0
1295.0,105,3756.0,21.964912280701753,3.4337496874724915,104,56412.0,0.14552248371477325,104,56412.0
1300.0,104,4041.0,22.960227272727273,3.496009130716254,102,54419.0,0.14841981408310445,102,54419.0
1305.0,97,4219.0,23.836158192090394,3.8112708364582093,95,53027.0,0.16196778160342454,95,53027.0
1310.0,104,4514.0,25.647727272727273,3.6955977563272957,102,51966.0,0.16138840869559573,102,51966.0
1315.0,96,4718.0,26.96,3.6594161363923794,94,51129.0,0.16231212137103912,94,51129.0
1320.0,103,5006.0,28.443181818181817,3.608255891584574,101,51481.0,0.15121683593831875,101,51481.0
1325.0,103,5318.0,30.21590909090909,3.7904305115223944,101,51539.0,0.16157067937533948,101,51539.0
1330.0,105,5621.0,31.9375,3.7810108231775557,103,51905.0,0.14538759054388165,103,51905.0
1335.0,107,6138.0,34.875,3.556161667544202,105,52280.0,0.145172466242503,105,52280.0
1340.0,112,6675.0,37.92613636363637,3.456562674740823,110,52658.0,0.1549927889311883,110,52658.0
1345.0,109,7021.0,39.443820224719104,3.5455263992327324,107,50389.0,0.1577701456800847,107,50389.0
1350.0,99,7150.0,40.3954802259887,3.620310409887574,97,48941.0,0.1566615778027678,97,48941.0
1355.0,98,7524.0,42.50847457627118,3.3148261905069383,96,48392.0,0.13420568469690822,96,48392.0
1360.0,98,7056.0,39.41899441340782,3.0787390017666385,98,48796.0,0.12612373751598005,98,48796.0
1365.0,87,5393.0,30.297752808988765,3.0193730308227287,87,48350.0,0.12322306472768452,87,48350.0
1370.0,78,3655.0,20.53370786516854,2.797212038539777,76,48064.0,0.12918096388933595,76,48064.0
1375.0,80,2786.0,15.564245810055866,2.9151333345420447,78,47961.0,0.13669527190447722,78,47961.0
1380.0,87,2316.0,12.938547486033519,2.8656538848992534,85,47878.0,0.1249730354926176,85,47878.0
1385.0,96,2250.0,12.295081967213115,2.7501431421282443,96,48175.0,0.11314828971294917,96,48175.0
1390.0,99,1591.0,8.6,2.4291603930587504,99,46622.0,0.09760932621455767,99,46622.0
1395.0,97,1206.0,6.449197860962567,2.340005571978372,95,45967.0,0.0939068770033922,95,45967.0
1400.0,105,1243.0,6.647058823529412,2.1843067357813193,103,46265.0,0.07875317115572265,103,46265.0
1405.0,110,1370.0,7.172774869109948,2.3525905510352247,108,46538.0,0.0840514404264038,108,46538.0
1410.0,115,1630.0,8.274111675126903,2.7829463975172635,113,46853.0,0.10093790112449233,113,46853.0
1415.0,109,1869.0,9.43939393939394,3.043420893380301,107,47140.0,0.11673488699197135,107,47140.0
1420.0,111,2146.0,10.948979591836734,3.062972687775865,109,47526.0,0.12573788483339512,109,47526.0
1425.0,107,2446.0,12.739583333333334,3.2421817531173645,105,47905.0,0.13308010079504698,105,47905.0
1430.0,104,2730.0,14.444444444444445,3.1897254034333855,102,48249.0,0.13523949122275847,102,48249.0
1435.0,105,3131.0,16.833333333333332,3.1934541447138924,103,48612.0,0.12971540363680087,103,48612.0
1440.0,114,3681.0,19.79032258064516,3.117854149338689,112,49000.0,0.12991350406353624,112,49000.0
1445.0,122,4264.0,22.208333333333332,3.192454769901131,120,49405.0,0.1264649788336946,120,49405.0
1450.0,123,4868.0,25.486910994764397,3.5123211911501757,121,49786.0,0.14904673789109696,121,49786.0
1455.0,130,5501.0,28.502590673575128,3.3543841875633396,128,50242.0,0.13925550024195177,128,50242.0
1460.0,134,6152.0,31.875647668393782,3.1041564806446136,132,50713.0,0.12447167163636523,132,50713.0
1465.0,136,6806.0,35.63350785340314,2.734807789192598,134,51127.0,0.11194781974019963,134,51127.0
1470.0,135,7378.0,38.6282722513089,2.773141635191146,133,51602.0,0.10669056363341547,133,51602.0
1475.0,136,7511.0,39.119791666666664,2.7137494056623517,136,52094.0,0.10699058045702833,136,52094.0
1480.0,133,6956.0,35.48979591836735,2.5256200937611077,133,51641.0,0.10904312073902395,133,51641.0
1485.0,118,5882.0,30.164102564102564,2.7528728490342305,116,51321.0,0.12285617122255181,116,51321.0
1490.0,116,5430.0,27.70408163265306,2.7891310188660454,114,51280.0,0.1280501379085364,114,51280.0
1495.0,128,5412.0,27.612244897959183,2.45355643085899,126,51353.0,0.1063962165120168,126,51353.0
1500.0,127,5762.0,29.248730964467004,2.489978898216611,125,51471.0,0.10439860527866682,125,51471.0
1505.0,131,6339.0,31.53731343283582,2.4809980642713647,129,51642.0,0.09359291463680773,129,51642.0
1510.0,143,7025.0,35.47979797979798,2.1874513182184256,141,51960.0,0.07805989992254185,141,51960.0
1515.0,151,7707.0,37.779411764705884,2.236219270019739,149,52110.0,0.0653990731333141,149,52110.0
1520.0,155,8390.0,40.926829268292686,2.230471665838591,153,52584.0,0.07669092170701836,153,52584.0
1525.0,160,9115.0,45.34825870646766,1.8473372414190243,158,53114.0,0.06554779680768748,158,53114.0
1530.0,165,9925.0,49.133663366336634,1.750430717454468,163,53768.0,0.059724093930634985,163,53768.0
1535.0,172,10774.0,53.073891625615765,1.6700536005107076,170,54471.0,0.05033873125009776,170,54471.0
1540.0,174,11642.0,57.92039800995025,1.4724106021065044,172,55209.0,0.03214611658930422,172,55209.0
1545.0,175,12431.0,62.782828282828284,1.2151005254425093,174,55778.0,0.02529492400094748,174,55778.0
1550.0,173,13172.0,66.19095477386935,1.0721333135986029,172,56382.0,0.02775115061599234,172,56382.0
1555.0,175,14022.0,69.76119402985074,1.2622389091890256,174,57145.0,0.039876884532944266,174,57145.0
1560.0,175,14887.0,74.06467661691542,1.3226389804693295,174,57671.0,0.04010660650505816,174,57671.0
1565.0,178,15768.0,79.23618090452261,1.182045388440919,177,58357.0,0.036947923724623244,177,58357.0
1570.0,180,16666.0,84.5989847715736,1.0256322715466364,179,59144.0,0.032529624861272345,179,59144.0
1575.0,181,17569.0,89.18274111675127,0.9844562572090121,179,59931.0,0.022494910598122506,179,59931.0
1580.0,180,18466.0,94.6974358974359,0.8651075381673842,179,60706.0,0.015504207407163786,179,60706.0
1585.0,179,18860.0,96.71794871794872,0.8715407085951865,179,60901.0,0.01855386279559866,179,60901.0
1590.0,171,19339.0,98.16751269035532,1.367181628343103,171,60596.0,0.03850280389948358,171,60596.0
1595.0,167,19706.0,101.57731958762886,1.3665922318069477,166,60853.0,0.04513308009139308,166,60853.0
1600.0,165,20212.0,104.18556701030928,1.327769753541897,164,61559.0,0.0402908618728074,164,61559.0
1605.0,167,20936.0,109.04166666666667,1.109683148386366,166,62262.0,0.040533438504373895,166,62262.0
1610.0,170,21777.0,115.22222222222223,0.8022742827443227,169,62992.0,0.03852227114097656,169,62992.0
1615.0,175,22639.0,120.42021276595744,0.5741347489052541,173,63744.0,0.01615855553537232,173,63744.0
1620.0,176,23490.0,126.29032258064517,0.5797345844258015,176,64505.0,0.01625444641899538,176,64505.0
1625.0,171,24242.0,126.92146596858639,0.9013824688484807,171,64376.0,0.026798618296005827,171,64376.0
1630.0,168,25007.0,130.92670157068062,1.24513275994198,167,64709.0,0.04333333571554423,167,64709.0
1635.0,167,25763.0,134.8848167539267,1.1655810753284221,166,65421.0,0.03663750505954274,166,65421.0
1640.0,165,26522.0,139.58947368421053,1.0450692304464424,165,66112.0,0.03785607824747451,165,66112.0
1645.0,165,27306.0,145.24468085106383,1.0057456091136543,165,66027.0,0.040762864452952643,165,66027.0
1650.0,163,28104.0,151.09677419354838,0.867794923322258,162,66673.0,0.02908282571877995,162,66673.0
1655.0,163,28904.0,157.08695652173913,0.8073316362101493,163,67323.0,0.02180566328776502,163,67323.0
1660.0,162,29696.0,157.1216931216931,1.0138277227041497,162,67296.0,0.029856310926954538,162,67296.0
1665.0,161,30497.0,161.35978835978835,1.28733360560576,161,67645.0,0.040856032486819134,161,67645.0
1670.0,160,31296.0,166.46808510638297,1.3601389060535185,160,68014.0,0.046374341985048376,160,68014.0
1675.0,161,32096.0,172.55913978494624,1.3855934757016892,161,68226.0,0.04763024360622641,161,68226.0
1680.0,160,32896.0,177.81621621621622,1.4485364041200663,160,68605.0,0.04862052331528852,160,68605.0
1685.0,162,33702.0,185.17582417582418,1.075597407637587,161,69223.0,0.028415067320229567,161,69223.0
1690.0,166,34526.0,191.8111111111111,0.9351051787371785,165,69848.0,0.022359055763679848,165,69848.0
1695.0,163,35320.0,194.06593406593407,0.910471280101637,163,70365.0,0.024610098304519084,163,70365.0
1700.0,163,36103.0,199.46408839779005,1.0623219681277842,162,70964.0,0.037412155458000966,162,70964.0
1705.0,161,36896.0,204.9777777777778,1.1203654626935808,161,71494.0,0.041141534623407944,161,71494.0
1710.0,160,37696.0,210.59217877094972,1.2871020993111595,160,72034.0,0.045168637735838964,160,72034.0
1715.0,160,38496.0,215.0614525139665,1.3348569420691045,160,72610.0,0.04242220742867731,160,72610.0
1720.0,161,39297.0,220.76966292134833,1.0975587926239274,160,73211.0,0.022960408335018716,160,73211.0
1725.0,162,40107.0,226.59322033898306,1.0455548409176343,160,73837.0,0.0177658278132683,160,73837.0
1730.0,162,40917.0,229.87078651685394,0.9178105624594097,160,74468.0,0.014202923272392946,160,74468.0
1735.0,160,41696.0,235.57062146892656,1.1245017944875786,160,75098.0,0.034816846426735944,160,75098.0
1740.0,160,42496.0,242.83428571428573,1.1950628514066683,160,75750.0,0.03991844679093356,160,75750.0
1745.0,160,43296.0,250.26589595375722,1.0027228244947428,160,76427.0,0.03744373503338194,160,76427.0
1750.0,160,44096.0,254.89017341040463,1.006717085021401,160,77110.0,0.04242493087855387,160,77110.0
1755.0,160,44896.0,261.0232558139535,0.7805222592879573,160,77774.0,0.028212802392649818,160,77774.0
1760.0,160,45696.0,268.8,0.6568096039192725,160,78412.0,0.01689134475683395,160,78412.0
1765.0,164,46496.0,267.2183908045977,0.7930397754627824,164,79026.0,0.01736527578944224,164,79026.0
1770.0,160,47296.0,270.2628571428571,1.0021281752938735,160,79629.0,0.03163191035765563,160,79629.0
1775.0,160,48096.0,276.41379310344826,1.1156573901157198,160,80230.0,0.0404806334557643,160,80230.0
1780.0,160,48896.0,282.63583815028903,0.9724290927327778,160,80822.0,0.036139508229800665,160,80822.0
1785.0,160,49696.0,290.6198830409357,0.8164546235968115,160,81410.0,0.040310761712485814,160,81410.0
1790.0,160,50496.0,293.5813953488372,0.83167317345467,160,82003.0,0.028930233491801252,160,82003.0
1795.0,160,51296.0,299.9766081871345,0.7570551076954155,160,82601.0,0.02035840777509264,160,82601.0
1800.0,160,52096.0,308.2603550295858,0.7045203414161155,160,83203.0,0.011919941929646787,160,83203.0
1805.0,160,52896.0,302.2628571428571,0.9142272324865605,160,83807.0,0.026614579123429086,160,83807.0
1810.0,160,53696.0,308.5977011494253,1.0780725128407724,160,84409.0,0.04416905772963593,160,84409.0
1815.0,160,54496.0,315.0057803468208,0.9366901006126485,160,84988.0,0.03502229934589935,160,84988.0
1820.0,160,55296.0,321.48837209302326,0.8175914467409765,160,85545.0,0.03863016318064134,160,85545.0
1825.0,161,56096.0,328.046783625731,0.694579549587438,161,86100.0,0.03908232742258111,161,86100.0
1830.0,160,56896.0,332.72514619883043,0.6831619268681183,160,86655.0,0.023051186299431644,160,86655.0
1835.0,160,57696.0,337.4035087719298,0.76121852369991,160,87213.0,0.017854314880778523,160,87213.0
1840.0,162,58496.0,334.2628571428571,0.8296551589733209,162,87792.0,0.020998751098179124,162,87792.0
1845.0,160,59296.0,340.7816091954023,1.0313797327027443,160,88386.0,0.04290019703406065,160,88386.0
1850.0,160,60096.0,343.4057142857143,1.0545762986603482,160,88987.0,0.035156465868024574,160,88987.0
1855.0,161,60896.0,347.97714285714284,1.0664058777486032,161,89598.0,0.03958240608982527,161,89598.0
1860.0,160,61696.0,360.7953216374269,0.8269805795788169,160,90226.0,0.03695805337325736,160,90226.0
1865.0,162,62499.0,365.49122807017545,0.6598454872497156,160,90871.0,0.024723478424053043,160,90871.0
1870.0,162,63309.0,370.2280701754386,0.6597121095101804,160,91529.0,0.01719524320534837,160,91529.0
1875.0,162,64108.0,368.4367816091954,0.6584370655960152,161,92179.0,0.019863704959268993,161,92179.0
1880.0,160,64896.0,370.8342857142857,0.9920189861659654,160,92799.0,0.03517128952102102,160,92799.0
1885.0,161,65696.0,375.4057142857143,1.027183560161708,161,93385.0,0.03340314593512514,161,93385.0
1890.0,160,66496.0,379.97714285714284,1.0892467378236517,160,93952.0,0.036017369077689106,160,93952.0
1895.0,160,67296.0,388.9942196531792,0.9557206173480501,160,94510.0,0.041512662835122116,160,94510.0
1900.0,160,68096.0,395.90697674418607,0.7410383717516097,160,95058.0,0.03314441102470388,160,95058.0
1905.0,161,68900.0,405.29411764705884,0.594637513265704,160,95598.0,0.027098460719315754,160,95598.0
1910.0,161,69697.0,402.8728323699422,0.5451227576866767,161,96139.0,0.018770014004975005,161,96139.0
1915.0,151,64991.0,371.37714285714287,0.9743682838728002,151,93839.0,0.04274810548724577,151,93839.0
1920.0,135,56447.0,322.5542857142857,1.7306179691316645,134,90691.0,0.06540578289347576,134,90691.0
1925.0,124,49560.0,283.2,2.2320367595242945,122,88095.0,0.0793564911934977,122,88095.0
1930.0,111,41295.0,237.32758620689654,2.5830097412825834,109,86442.0,0.10085822328781188,109,86442.0
1935.0,102,34380.0,197.58620689655172,2.8349444129025287,100,85195.0,0.10009066964102703,100,85195.0
1940.0,94,26524.0,153.31791907514452,3.2585649454707264,92,83459.0,0.10794935015129907,92,83459.0
1945.0,93,20033.0,119.24404761904762,3.2072277906546196,91,81260.0,0.11677379444430859,91,81260.0
1950.0,79,12369.0,74.06586826347305,3.6416011823888694,77,79838.0,0.15365646158624013,77,79838.0
1955.0,70,5644.0,35.05590062111801,4.04445698505144,68,77931.0,0.1843997434368296,68,77931.0
1960.0,66,1495.0,9.462025316455696,4.439141516490803,64,75948.0,0.2085439260260716,64,75948.0
1965.0,74,1850.0,11.78343949044586,4.600163864256236,72,73573.0,0.22035268914739575,72,73573.0
1970.0,85,2244.0,14.11320754716981,4.02693910458742,83,72051.0,0.18830142889173612,83,72051.0
1975.0,96,2687.0,17.11464968152866,3.7987106093830643,94,70164.0,0.16716824344345738,94,70164.0
1980.0,96,3163.0,20.018987341772153,3.955151516060698,94,67836.0,0.16275811322852707,94,67836.0
1985.0,96,3639.0,22.60248447204969,3.843460539777874,94,65999.0,0.16973868779712123,94,65999.0
1990.0,102,4066.0,24.94478527607362,3.903988882914144,101,64580.0,0.17773565694291335,101,64580.0
1995.0,98,4244.0,26.19753086419753,3.91170146225244,97,62194.0,0.17354471889703973,97,62194.0
2000.0,89,4356.0,26.88888888888889,3.823971297506609,87,60630.0,0.1712568662180212,87,60630.0
2005.0,92,4501.0,27.956521739130434,3.485907168587336,90,60797.0,0.15286288849968713,90,60797.0
2010.0,95,4738.0,29.9873417721519,3.523346287026854,93,60984.0,0.15707807058205883,93,60984.0
2015.0,100,5008.0,31.3,3.456717482801527,98,61195.0,0.14753744649137618,98,61195.0
2020.0,100,5245.0,31.407185628742514,3.3547181079455535,98,61397.0,0.14406105457245882,98,61397.0
2025.0,98,5513.0,32.81547619047619,3.6244808308854513,96,61605.0,0.16402824668012456,96,61605.0
2030.0,99,5866.0,35.125748502994014,3.651885401388792,97,61805.0,0.16853026160117024,97,61805.0
2035.0,100,6263.0,38.1890243902439,3.642684444680371,99,61090.0,0.17611588976512618,99,61090.0
2040.0,95,5969.0,36.17575757575757,3.344036483197564,95,61301.0,0.151139678859824,95,61301.0
2045.0,99,4544.0,27.047619047619047,3.1163640623859004,99,61010.0,0.1311795240227019,99,61010.0
2050.0,88,3566.0,21.226190476190474,3.1802102400613856,86,60538.0,0.13948733474185346,86,60538.0
2055.0,92,3288.0,19.45562130177515,3.013015149775243,90,60373.0,0.1424584318024405,90,60373.0
2060.0,109,3670.0,21.58823529411765,2.798073077088956,107,60370.0,0.13501681308286925,107,60370.0
2065.0,114,4061.0,23.339080459770116,2.9201629649530614,112,60496.0,0.11758943785733472,112,60496.0
2070.0,110,4441.0,25.522988505747126,2.8420917833203116,108,60658.0,0.11149746126781851,108,60658.0
2075.0,112,4797.0,27.56896551724138,2.7050657732804626,110,60646.0,0.1047116325592988,110,60646.0
2080.0,115,5241.0,30.120689655172413,2.4392245613391563,113,60907.0,0.08191895389968942,113,60907.0
2085.0,128,5840.0,33.75722543352601,2.0319907362683125,126,61172.0,0.05639084894444133,126,61172.0
2090.0,136,6490.0,36.46067415730337,1.8279854490289766,134,61553.0,0.04830296650010516,134,61553.0
2095.0,142,7045.0,39.357541899441344,1.77856848320448,142,61985.0,0.06003014078120799,142,61985.0
2100.0,139,7064.0,39.68539325842696,1.6948111849141954,139,60437.0,0.06822049169999536,139,60437.0
2105.0,131,6683.0,37.75706214689266,1.6785569569402907,129,60615.0,0.06953909567148506,129,60615.0
2110.0,123,6194.0,34.79775280898876,2.0544884928316174,121,60712.0,0.0818666232227695,121,60712.0
2115.0,118,5940.0,33.37078651685393,2.37093467841263,116,60786.0,0.09288161800162863,116,60786.0
2120.0,110,5000.0,28.089887640449437,2.5038479631504007,108,60845.0,0.08638840590789629,108,60845.0
2125.0,108,4344.0,23.86813186813187,2.784019024835514,106,60883.0,0.09344693918010519,106,60883.0
2130.0,100,3703.0,20.572222222222223,3.0936811012925367,98,60894.0,0.11838803057008011,98,60894.0
2135.0,90,2896.0,16.64367816091954,3.447195132506067,88,60930.0,0.14984162511143584,88,60930.0
2140.0,83,2340.0,13.526011560693641,3.8526601886619085,81,60851.0,0.16487694869336,81,60851.0
2145.0,79,2030.0,11.941176470588236,4.171018258888377,77,60801.0,0.18808595084630253,77,60801.0
2150.0,86,2349.0,14.150602409638553,3.7550810606595495,85,59893.0,0.16895011139374186,85,59893.0
2155.0,95,2579.0,15.536144578313253,3.551267812003976,93,59910.0,0.15294017724052217,93,59910.0
2160.0,98,2851.0,16.869822485207102,3.606725783944228,96,59971.0,0.14706108195738418,96,59971.0
2165.0,100,3173.0,18.66470588235294,3.3079945300982003,98,60017.0,0.14520211787394544,98,60017.0
2170.0,96,3475.0,20.68452380952381,3.654358122543227,94,60062.0,0.16280994898831058,94,60062.0
2175.0,100,3811.0,22.41764705882353,3.7457732701111426,98,60187.0,0.1722793385985164,98,60187.0
2180.0,100,4124.0,23.976744186046513,3.915542030257001,98,60295.0,0.17355203154886248,98,60295.0
2185.0,99,4477.0,26.49112426035503,3.568581642385836,97,60410.0,0.15158458527090926,97,60410.0
2190.0,103,4832.0,28.59171597633136,3.461701770085653,101,60651.0,0.1468986901062732,101,60651.0
2195.0,106,5323.0,31.68452380952381,3.461401181462872,104,60910.0,0.13859075110380206,104,60910.0
2200.0,110,5859.0,34.06395348837209,3.2672444807779346,108,61192.0,0.13546335486957337,108,61192.0
2205.0,114,5740.0,33.372093023255815,3.1828367720365924,114,61473.0,0.13866778759821277,114,61473.0
2210.0,113,4750.0,27.61627906976744,2.978679036205138,113,61143.0,0.13823064492000126,113,61143.0
2215.0,105,3855.0,22.412790697674417,2.8862450156936315,103,61061.0,0.13494162894710468,103,61061.0
2220.0,106,4221.0,24.82941176470588,2.563182251533144,104,61010.0,0.11244539470295792,104,61010.0
2225.0,121,4792.0,28.023391812865498,2.5545557708631894,119,61083.0,0.11303375125604478,119,61083.0
2230.0,127,5417.0,31.49418604651163,2.535021717062373,125,61302.0,0.09639771168159283,125,61302.0
2235.0,130,6049.0,33.79329608938548,2.599211236217825,128,61634.0,0.08260170062437312,128,61634.0
2240.0,135,6686.0,37.144444444444446,2.554117496334253,133,62010.0,0.08752154039602279,133,62010.0
2245.0,138,7343.0,41.48587570621469,2.3327957851723227,136,62389.0,0.08261872726304653,136,62389.0
2250.0,140,7654.0,43.48863636363637,1.9687792847921046,140,62860.0,0.07484307921997067,140,62860.0
2255.0,136,7705.0,43.28651685393258,1.9942573903926806,136,61396.0,0.07657323305888664,136,61396.0
2260.0,125,7126.0,40.03370786516854,1.9072412302713566,123,61683.0,0.07153324982996331,123,61683.0
2265.0,125,6564.0,36.87640449438202,2.0229113103838237,123,61874.0,0.06921256610389513,123,61874.0
2270.0,116,5653.0,31.23204419889503,2.144812463977207,114,62142.0,0.07995420742289369,114,62142.0
2275.0,110,5003.0,26.897849462365592,2.6410544677881624,108,62332.0,0.10503783619802935,108,62332.0
2280.0,108,4433.0,23.833333333333332,2.8262444784892735,106,62520.0,0.11282175014677341,106,62520.0
2285.0,103,3837.0,20.74054054054054,3.113048142551144,101,62634.0,0.1298095906840151,101,62634.0
2290.0,96,3272.0,17.978021978021978,3.4261331131275545,94,62671.0,0.14412950742229227,94,62671.0
2295.0,91,2713.0,15.32768361581921,3.3605085957668046,89,62746.0,0.1469242204958976,89,62746.0
2300.0,87,2443.0,14.040229885057471,3.551115507174741,85,62798.0,0.15425550388404707,85,62798.0
2305.0,102,2904.0,16.406779661016948,3.5396194295970664,100,62847.0,0.14405320942623398,100,62847.0
2310.0,106,3408.0,19.363636363636363,3.584761403753175,104,62970.0,0.15707046151370682,104,62970.0
2315.0,115,3950.0,22.316384180790962,3.7154383283030223,113,63171.0,0.16378153189544525,113,63171.0
2320.0,114,4225.0,23.870056497175142,3.5459923367571613,112,62538.0,0.1608041992393932,112,62538.0
2325.0,110,4549.0,25.70056497175141,3.5538712856196417,108,62815.0,0.15584607340283926,108,62815.0
2330.0,113,4836.0,27.477272727272727,3.1109468532737328,111,63092.0,0.12223742157956587,111,63092.0
2335.0,113,5189.0,30.16860465116279,3.0034500103652206,111,63390.0,0.12202161067483035,111,63390.0
2340.0,113,5101.0,29.830409356725145,2.6732027843219357,113,63731.0,0.10805687235608272,113,63731.0
2345.0,108,4390.0,24.80225988700565,2.6056405859236977,108,63273.0,0.1170389673671032,108,63273.0
2350.0,95,3204.0,18.10169491525424,2.9435782977821887,93,63059.0,0.12895952608272648,93,63059.0
2355.0,101,3108.0,17.65909090909091,2.665199219217054,99,63116.0,0.13139265760974606,99,63116.0
2360.0,114,3446.0,19.251396648044693,2.604676323409169,112,63272.0,0.113554178381276,112,63272.0
2365.0,127,4027.0,22.497206703910614,2.283757820683208,125,63638.0,0.09154758053708781,125,63638.0
2370.0,131,4664.0,26.05586592178771,2.164939372040861,129,64065.0,0.0799140470743207,129,64065.0
2375.0,141,5328.0,29.274725274725274,2.005814253319357,139,64528.0,0.06584350893255039,139,64528.0
2380.0,149,6044.0,32.494623655913976,1.8354533372334425,147,65093.0,0.06485178173752917,147,65093.0
2385.0,153,6797.0,36.94021739130435,1.7558179813896608,151,65672.0,0.06465783126390334,151,65672.0
2390.0,158,7572.0,40.276595744680854,1.6151138873874573,156,66274.0,0.06132694625880271,156,66274.0
2395.0,159,8229.0,43.53968253968254,1.552449212852977,158,66571.0,0.057117285414775516,158,66571.0
2400.0,157,8811.0,47.11764705882353,1.226085964152256,156,66608.0,0.04564568187294071,156,66608.0
2405.0,164,9486.0,49.66492146596859,1.166513921973997,162,67220.0,0.03926694791013476,162,67220.0
2410.0,168,10312.0,53.989528795811516,0.9622426262229952,166,67850.0,0.025630642136204043,166,67850.0
2415.0,177,11182.0,57.343589743589746,0.7567580914752808,175,68535.0,0.017154161001765745,175,68535.0
2420.0,175,11940.0,60.91836734693877,1.0543478961905586,175,69008.0,0.03330138222816224,175,69008.0
2425.0,168,12468.0,63.93846153846154,1.2496972828852513,168,68973.0,0.044138263857420305,168,68973.0
2430.0,166,12943.0,67.06217616580311,1.315535600384683,165,69376.0,0.04763730283725285,165,69376.0
2435.0,169,13696.0,71.33333333333333,1.1047368149688268,167,70009.0,0.036767979183229826,167,70009.0
2440.0,173,14552.0,76.18848167539267,0.8976786012598312,171,70631.0,0.027480958082627394,171,70631.0
2445.0,177,15433.0,81.65608465608466,0.7512886489280992,175,71250.0,0.01750049417751869,175,71250.0
2450.0,177,16318.0,85.88421052631578,0.6384908366935066,175,71850.0,0.018887399445828148,175,71850.0
2455.0,174,17137.0,89.72251308900523,0.8970134012929017,173,72337.0,0.028665889034305583,173,72337.0
2460.0,172,17964.0,94.54736842105264,1.0364240656728947,171,72829.0,0.03422442778710949,171,72829.0
2465.0,174,18831.0,99.11052631578947,0.9834925093462268,172,73385.0,0.03340429719496891,172,73385.0
2470.0,175,19706.0,104.26455026455027,0.8292292662221757,173,73960.0,0.03243709991960423,173,73960.0
2475.0,176,20586.0,108.92063492063492,0.7788911482930592,174,74537.0,0.027502637451987194,174,74537.0
2480.0,177,21471.0,115.43548387096774,0.5654225669104688,175,75110.0,0.02516771366622912,175,75110.0
2485.0,181,22356.0,118.91489361702128,0.42605436534714924,179,75684.0,0.015502077391916511,179,75684.0
2490.0,175,23184.0,122.02105263157895,0.7480577528592879,174,76202.0,0.028372441276885305,174,76202.0
2495.0,173,24009.0,126.36315789473684,1.0644398063299605,172,76713.0,0.03764752214750269,172,76713.0
2500.0,174,24875.0,130.92105263157896,1.079148989077663,172,77242.0,0.033978939477657885,172,77242.0
2505.0,174,25745.0,134.79057591623035,1.0592271423651474,172,77795.0,0.03301577303098428,172,77795.0
2510.0,175,26619.0,139.36649214659687,1.0148568175340287,173,78347.0,0.023368897427970138,173,78347.0
2515.0,174,27478.0,147.7311827956989,0.6987915912850701,173,78895.0,0.015885753612648188,173,78895.0
2520.0,171,28067.0,152.53804347826087,0.8039571301753341,171,79029.0,0.016735231249726607,171,79029.0
2525.0,166,28463.0,150.5978835978836,1.025233114120425,166,79163.0,0.02953396424610495,166,79163.0
2530.0,162,28935.0,153.0952380952381,1.2992654612266152,162,79314.0,0.041264800261517555,162,79314.0
2535.0,160,29651.0,158.5614973262032,1.3073765044766077,160,79217.0,0.041722336205898915,160,79217.0
2540.0,160,30451.0,163.71505376344086,1.371507806108417,160,79234.0,0.04481948302256366,160,79234.0
2545.0,161,31251.0,168.92432432432432,1.2980173258370729,161,79533.0,0.04684823239560964,161,79533.0
2550.0,163,32061.0,176.15934065934067,1.0039012150833904,162,80018.0,0.026846871688496952,162,80018.0
2555.0,165,32874.0,180.62637362637363,1.0191659190641762,165,80516.0,0.016871109972622412,165,80516.0
2560.0,163,33656.0,182.91304347826087,1.044871687583452,163,80735.0,0.02790289155706729,163,80735.0
2565.0,160,34451.0,189.2912087912088,1.2538711818441217,160,81123.0,0.0388425298661449,160,81123.0
2570.0,160,35251.0,193.6868131868132,1.3959244961180544,160,81537.0,0.0442602659027201,160,81537.0
2575.0,161,36051.0,200.28333333333333,1.3395770415218609,161,81982.0,0.03915471944489662,161,81982.0
2580.0,160,36851.0,205.87150837988827,1.4072665992767892,160,82462.0,0.04325210690553124,160,82462.0
2585.0,161,37653.0,212.72881355932202,1.0568915029883224,160,82942.0,0.02361322196892992,160,82942.0
2590.0,162,38463.0,221.05172413793105,0.8844766075869369,160,83422.0,0.018208591732505025,160,83422.0
2595.0,161,39261.0,223.07386363636363,0.8721884169735973,160,83902.0,0.018470504419034903,160,83902.0
2600.0,160,40051.0,228.86285714285714,1.029941726803977,160,84382.0,0.03495132222972528,160,84382.0
2605.0,161,40851.0,233.43428571428572,1.1053813326270705,161,84862.0,0.040358844540444375,161,84862.0
2610.0,160,41651.0,240.757225433526,1.0039963050959735,160,85342.0,0.038543304108475035,160,85342.0
2615.0,160,42451.0,245.3815028901734,0.9741096073689762,160,85822.0,0.042284704013827876,160,85822.0
2620.0,160,43251.0,252.9298245614035,0.7357462050582911,160,86302.0,0.027150036943372997,160,86302.0
2625.0,160,44051.0,257.60818713450294,0.7288232112930592,160,86782.0,0.0167424970545439,160,86782.0
2630.0,160,44851.0,259.2543352601156,0.7453268648349101,160,87262.0,0.019801303228657408,160,87262.0
2635.0,160,45651.0,260.86285714285714,1.049786172325849,160,87742.0,0.02970543684491498,160,87742.0
2640.0,160,46451.0,268.5028901734104,1.0412489289301416,160,88222.0,0.03442317019004258,160,88222.0
2645.0,160,47251.0,273.1271676300578,0.993741977868268,160,88702.0,0.03739085607013458,160,88702.0
2650.0,160,48051.0,277.7514450867052,0.9632919280075288,160,89182.0,0.040678657721916825,160,89182.0
2655.0,160,48851.0,285.67836257309943,0.7111641787236026,160,89662.0,0.03234955860340123,160,89662.0
2660.0,162,49656.0,293.8224852071006,0.4941206236397787,160,90142.0,0.019817231306032277,160,90142.0
2665.0,166,50466.0,291.71098265895955,0.5320164770949186,164,90622.0,0.01744681178766768,164,90622.0
2670.0,162,51276.0,293.0057142857143,0.830014671481532,160,91102.0,0.02577800846307138,160,91102.0
2675.0,160,52051.0,299.14367816091954,1.029783259375968,160,91582.0,0.039583455778008536,160,91582.0
2680.0,160,52851.0,303.7413793103448,1.021042113755955,160,92062.0,0.03691963742980364,160,92062.0
2685.0,160,53651.0,306.57714285714286,1.0947368751382136,160,92542.0,0.0419756106474389,160,92542.0
2690.0,160,54451.0,314.7456647398844,0.8695216329146461,160,93022.0,0.030099854477172852,160,93022.0
2695.0,161,55256.0,321.25581395348837,0.7020129767975786,160,93502.0,0.021479777927678884,160,93502.0
2700.0,160,56051.0,329.71176470588233,0.6783131086436067,160,93982.0,0.017440037385888597,160,93982.0
2705.0,160,56851.0,324.86285714285714,0.866369398084985,160,94462.0,0.025731122701072036,160,94462.0
2710.0,160,57651.0,329.4342857142857,1.1288621851786649,160,94942.0,0.03893868043859681,160,94942.0
2715.0,160,58451.0,335.92528735632186,0.9961404903749325,160,95422.0,0.040962427611205936,160,95422.0
2720.0,160,59251.0,340.52298850574715,0.9873559652060263,160,95902.0,0.04053101945352929,160,95902.0
2725.0,161,60051.0,349.1337209302326,0.7698222882053056,161,96382.0,0.03843725144281024,161,96382.0
2730.0,161,60855.0,355.87719298245617,0.6616778740586863,160,96862.0,0.024823208801146468,160,96862.0
2735.0,162,61664.0,362.7294117647059,0.582660735471549,160,97342.0,0.01780618578682394,160,97342.0
2740.0,163,62465.0,354.91477272727275,0.7527636224142973,162,97822.0,0.020273452345752185,162,97822.0
2745.0,160,63251.0,361.4342857142857,1.0399786673418308,160,98302.0,0.03677560082087456,160,98302.0
2750.0,160,64051.0,366.0057142857143,1.0593018515737305,160,98782.0,0.03492446842440719,160,98782.0
2755.0,161,64851.0,370.57714285714286,1.0709544201059598,161,99262.0,0.03832012453991676,161,99262.0
2760.0,160,65651.0,379.485549132948,1.0234966669100591,160,99742.0,0.044888181337160896,160,99742.0
2765.0,161,66452.0,386.3488372093023,0.7647850364146657,160,100222.0,0.027010965640230842,160,100222.0
2770.0,162,67262.0,398.0,0.4552747100144939,160,100702.0,0.017061254068175564,160,100702.0
2775.0,162,68072.0,393.4797687861272,0.5525737165791805,160,101182.0,0.018170677829847656,160,101182.0
2780.0,161,68867.0,393.5257142857143,0.95372174559966,160,101662.0,0.03453391853347375,160,101662.0
2785.0,161,69651.0,398.0057142857143,1.016309516392488,161,102142.0,0.03939921694884898,161,102142.0
2790.0,160,70451.0,404.89080459770116,1.0339034202541506,160,102622.0,0.037730969609413835,160,102622.0
2795.0,160,71251.0,407.1485714285714,1.085893486179476,160,103102.0,0.04304321174800191,160,103102.0
2800.0,161,72053.0,416.4913294797688,0.7648446907822496,160,103582.0,0.025190737030746164,160,103582.0
2805.0,162,72863.0,426.09941520467834,0.606793104519232,160,104062.0,0.021064411273552887,160,104062.0
2810.0,160,73651.0,423.2816091954023,0.6713866119188708,160,104542.0,0.020622095688429064,160,104542.0
2815.0,160,74451.0,423.01704545454544,1.0657015404156354,160,105022.0,0.03880687751788353,160,105022.0
2820.0,160,75251.0,430.0057142857143,1.068838527404628,160,105502.0,0.044663284662828845,160,105502.0
2825.0,160,76051.0,434.57714285714286,1.034305517030906,160,105982.0,0.036526483158402005,160,105982.0
2830.0,160,76851.0,444.22543352601156,0.8911142343003355,160,106462.0,0.041334565712226615,160,106462.0
2835.0,160,77651.0,451.4593023255814,0.7676360485911061,160,106942.0,0.03569486174159531,160,106942.0
2840.0,162,78455.0,458.80116959064327,0.5920176675813305,160,107422.0,0.021632595604048437,160,107422.0
2845.0,166,79265.0,452.9428571428571,0.5526763184736914,164,107902.0,0.013257569634772941,164,107902.0
2850.0,162,80075.0,454.97159090909093,0.78345827973029,160,108382.0,0.03233377461860214,160,108382.0
2855.0,160,80851.0,459.3806818181818,1.061624724224361,160,108862.0,0.03962879497219093,160,108862.0
2860.0,160,81651.0,466.57714285714286,1.0633383402821073,160,109342.0,0.036761217379661294,160,109342.0
2865.0,160,82451.0,471.1485714285714,1.0616885001291831,160,109822.0,0.04139175578996993,160,109822.0
2870.0,160,83251.0,475.72,1.0518406202279964,160,110302.0,0.04015834526046894,160,110302.0
2875.0,160,84051.0,485.84393063583815,0.7751556593754348,160,110782.0,0.02128692050601939,160,110782.0
2880.0,162,84861.0,496.2631578947368,0.6811497659372705,160,111262.0,0.018090437532789442,160,111262.0
2885.0,160,85651.0,489.4342857142857,0.7761842413354192,160,111742.0,0.0252877130023611,160,111742.0
2890.0,160,86451.0,494.0057142857143,1.1056791035862834,160,112222.0,0.04404161028945495,160,112222.0
2895.0,160,87251.0,501.4425287356322,0.9959324009138999,160,112702.0,0.036220353497118704,160,112702.0
2900.0,160,88051.0,506.0402298850575,0.972166196738987,160,113182.0,0.04097653787492083,160,113182.0
2905.0,161,88851.0,513.5895953757225,0.8843566387841875,161,113662.0,0.033844636581220895,161,113662.0
2910.0,161,89652.0,518.2196531791908,0.759695283385976,160,114142.0,0.025136396696885683,160,114142.0
2915.0,162,90462.0,529.0175438596491,0.6527431152939284,160,114622.0,0.022747578227071918,160,114622.0
2920.0,164,91272.0,521.5542857142857,0.6189453023415014,162,115117.0,0.024611589536625737,162,115117.0
2925.0,161,92066.0,529.1149425287356,0.8508894884993452,160,115627.0,0.04194640276694125,160,115627.0
2930.0,160,92851.0,533.6264367816092,0.8755218384506662,160,116168.0,0.03470990080109515,160,116168.0
2935.0,161,93651.0,535.1485714285715,0.9413022900538693,161,116728.0,0.03604421602622324,161,116728.0
2940.0,160,94451.0,542.8218390804598,0.9871317177028021,160,117307.0,0.043632116281872434,160,117307.0
2945.0,160,95251.0,544.2914285714286,0.9699806401102611,160,117885.0,0.03679735865183076,160,117885.0
2950.0,162,96057.0,555.2427745664739,0.6965788331620244,160,118475.0,0.015911451910917588,160,118475.0
2955.0,162,96867.0,550.3806818181819,0.7561119026670956,160,119069.0,0.01940586642909801,160,119069.0
2960.0,161,97665.0,558.0857142857143,0.9577772758449662,160,119657.0,0.040899241580687314,160,119657.0
2965.0,161,98451.0,559.3806818181819,1.0807404859810659,161,120219.0,0.04019690043994358,161,120219.0
2970.0,160,99251.0,567.1485714285715,1.0719995524177823,160,120746.0,0.03831364205473787,160,120746.0
2975.0,160,100051.0,578.3294797687861,0.9402930056574748,160,121238.0,0.042591209863360166,160,121238.0
2980.0,160,100851.0,582.9537572254335,0.8175266293660208,160,121715.0,0.026017902789992383,160,121715.0
2985.0,162,101656.0,591.0232558139535,0.6353031947139103,160,122195.0,0.01754191063182579,160,122195.0
2990.0,162,102466.0,588.8850574712644,0.6186635453856042,160,122667.0,0.014959218442293996,160,122667.0
2995.0,160,103251.0,590.0057142857142,0.9032218946626683,160,123135.0,0.03667860635297756,160,123135.0
3000.0,160,104051.0,594.5771428571428,1.1205928351749497,160,123618.0,0.04508023441236634,160,123618.0
3005.0,160,104851.0,602.5919540229885,1.0021031632364599,160,124130.0,0.03659194828205292,160,124130.0
3010.0,160,105651.0,607.1896551724138,0.993117811199187,160,124644.0,0.04116626950083705,160,124644.0
3015.0,161,106452.0,615.3294797687861,0.7499589069599338,160,125155.0,0.026765361934359688,160,125155.0
3020.0,161,107253.0,623.5639534883721,0.6904608672031516,160,125670.0,0.018857923487773372,160,125670.0
3025.0,164,108051.0,617.4342857142857,0.7871919836544846,164,126186.0,0.017665194543060016,164,126186.0
3030.0,160,108851.0,618.4715909090909,1.0095898593142918,160,126701.0,0.03169118256343541,160,126701.0
3035.0,160,109651.0,626.5771428571428,1.1287021090203795,160,127216.0,0.038880643842929496,160,127216.0
3040.0,160,110451.0,634.7758620689655,1.0226049730714966,160,127720.0,0.037681900368446944,160,127720.0
3045.0,160,111251.0,643.0693641618498,0.8996545683537327,160,128219.0,0.04132604958045599,160,128219.0
3050.0,160,112051.0,651.4593023255813,0.7973942823093727,160,128720.0,0.0389595950073132,160,128720.0
3055.0,161,112853.0,659.9590643274854,0.5764248487776211,160,129216.0,0.019574936432362695,160,129216.0
3060.0,160,113651.0,664.625730994152,0.6951655106305401,160,129707.0,0.01773492774151193,160,129707.0
3065.0,160,114451.0,654.0057142857142,0.8376509957010665,160,130206.0,0.026547549937583962,160,130206.0
3070.0,160,115251.0,658.5771428571428,1.0879666028063477,160,130703.0,0.03911543569694895,160,130703.0
3075.0,160,116051.0,663.1485714285715,1.0472648821274522,160,131202.0,0.0412279240284056,160,131202.0
3080.0,160,116851.0,671.5574712643678,0.9625109946231741,160,131700.0,0.041334634723003215,160,131700.0
3085.0,161,117651.0,680.0635838150289,0.8541853324165006,161,132186.0,0.04337798782855394,161,132186.0
3090.0,160,118451.0,688.6686046511628,0.6788356118960756,160,132657.0,0.022115787173552153,160,132657.0
3095.0,161,119254.0,697.3918128654971,0.6640808264760905,160,133112.0,0.017686864192168434,160,133112.0
3100.0,162,120051.0,682.1079545454545,0.8405663183811118,162,133560.0,0.026617492685421074,162,133560.0
3105.0,160,120851.0,690.5771428571428,1.0989970417454888,160,134034.0,0.037546904361864364,160,134034.0
3110.0,160,121651.0,699.1436781609195,0.9818857708031431,160,134541.0,0.034173841123245195,160,134541.0
3115.0,161,122451.0,703.7413793103449,0.9531007304019644,161,135059.0,0.039169993770456144,161,135059.0
3120.0,160,123251.0,712.4335260115607,0.9632767570419708,160,135588.0,0.04297441750069125,160,135588.0
3125.0,160,124051.0,721.2267441860465,0.7605479546956629,160,136130.0,0.023573830018018993,160,136130.0
3130.0,160,124851.0,738.7633136094674,0.5365597956445605,160,136677.0,0.017127232147691476,160,136677.0
3135.0,160,125651.0,726.306358381503,0.766751357210579,160,137232.0,0.02289356861838773,160,137232.0
3140.0,160,126451.0,722.5771428571428,1.068961859243444,160,137782.0,0.033884498196074066,160,137782.0
3145.0,161,127251.0,727.1485714285715,1.0577158231035737,161,138319.0,0.03981923771990956,161,138319.0
3150.0,160,128051.0,740.179190751445,0.9758723918934566,160,138833.0,0.03839672198499565,160,138833.0
3155.0,160,128851.0,744.8034682080925,0.9225869282587691,160,139318.0,0.04133056417133228,160,139318.0
3160.0,161,129653.0,758.2046783625731,0.6585883109021726,160,139804.0,0.02490337406514646,160,139804.0
3165.0,162,130462.0,762.9356725146199,0.5844782752684201,160,140274.0,0.019228062413242212,160,140274.0
3170.0,162,131272.0,754.4367816091954,0.6381470247280951,160,140762.0,0.020938825155282406,160,140762.0
3175.0,160,132051.0,750.2897727272727,0.9869519545189432,160,141244.0,0.03634447066692215,160,141244.0
3180.0,160,132851.0,763.5114942528736,1.0567423375968656,160,141724.0,0.039784276411247724,160,141724.0
3185.0,160,133651.0,768.1091954022988,1.0391522597638445,160,142210.0,0.03805593181992429,160,142210.0
3190.0,160,134451.0,768.2914285714286,1.078287567572086,160,142701.0,0.041751753479030186,160,142701.0
3195.0,160,135251.0,781.7976878612717,0.789030530125419,160,143185.0,0.021931581671603948,160,143185.0
3200.0,161,136055.0,795.6432748538011,0.6473713723085851,160,143653.0,0.016004603322211146,160,143653.0
3205.0,164,136851.0,786.5,0.7508419476231487,164,144110.0,0.017049467724258017,164,144110.0
3210.0,160,137651.0,786.5771428571428,0.9547749341916643,160,144545.0,0.03686696154942441,160,144545.0
3215.0,160,138451.0,791.1485714285715,1.15650723303719,160,144970.0,0.040061159812844735,160,144970.0
3220.0,160,139251.0,804.9190751445087,0.9393549985618435,160,145397.0,0.03589081190186127,160,145397.0
3225.0,160,140051.0,809.543352601156,0.9415298269241079,160,145821.0,0.04105561744453242,160,145821.0
3230.0,160,140851.0,818.9011627906976,0.8144136576053728,160,146236.0,0.033262546001924,160,146236.0
3235.0,162,141656.0,823.5813953488372,0.6760554268095157,160,146651.0,0.017588098898677625,160,146651.0
3240.0,160,142451.0,833.046783625731,0.7447206740776815,160,147066.0,0.01745396906764683,160,147066.0
3245.0,160,143251.0,818.5771428571428,0.9071518047680072,160,147481.0,0.02858053763478729,160,147481.0
3250.0,160,144051.0,823.1485714285715,1.1040800942627234,160,147896.0,0.03868258779528728,160,147896.0
3255.0,160,144851.0,827.72,1.0563506500266364,160,148315.0,0.041073517834293166,160,148315.0
3260.0,160,145651.0,841.9132947976879,0.8876482754276281,160,148772.0,0.0395812706113643,160,148772.0
3265.0,161,146451.0,851.4593023255813,0.79207434001029,161,149249.0,0.04344844035178998,161,149249.0
3270.0,160,147251.0,866.1823529411764,0.5612471291103677,160,149740.0,0.023123175050853956,160,149740.0
3275.0,160,148051.0,870.8882352941176,0.653947963355334,160,150242.0,0.017418765337008892,160,150242.0
3280.0,162,148851.0,845.7443181818181,0.8662826144547925,162,150757.0,0.021087765642821825,162,150757.0
3285.0,160,149651.0,855.1485714285715,1.0856469256827221,160,151271.0,0.036557587117794645,160,151271.0
3290.0,160,150451.0,854.8352272727273,1.1242478466294588,160,151785.0,0.03502335899813113,160,151785.0
3295.0,161,151251.0,859.3806818181819,1.0985427931301188,161,152295.0,0.037709467764554985,161,152295.0
3300.0,160,152051.0,884.0174418604652,0.9063068610610796,160,152823.0,0.04201205877027022,160,152823.0
3305.0,162,152853.0,893.8771929824561,0.6594207925394826,160,153328.0,0.024782963712107142,160,153328.0
3310.0,162,153663.0,909.2485207100592,0.5029254847155219,160,153792.0,0.01741742593895723,160,153792.0
3315.0,161,154452.0,892.7861271676301,0.6516565449048815,161,154223.0,0.018835128332497276,161,154223.0
3320.0,149,143481.0,819.8914285714286,1.0863085556177838,149,150669.0,0.04441709373247763,149,150669.0
3325.0,138,125248.0,711.6363636363636,1.5804088750502936,136,147093.0,0.06005589264751969,136,147093.0
3330.0,126,108963.0,622.6457142857142,2.0771538347115235,124,142491.0,0.07697890242913864,124,142491.0
3335.0,115,92583.0,538.2732558139535,2.3818996967440005,113,137855.0,0.09038631732154867,113,137855.0
3340.0,107,76271.0,443.4360465116279,2.679489160005343,105,133184.0,0.09637082889438668,105,133184.0
3345.0,101,61988.0,362.5029239766082,3.070583657120808,99,129466.0,0.10448265302762859,99,129466.0
3350.0,94,46555.0,273.8529411764706,3.0856575596135105,92,124753.0,0.10791375591904709,92,124753.0
3355.0,86,30260.0,181.19760479041915,3.7252585104791125,84,120123.0,0.1553486325666381,84,120123.0
3360.0,76,13979.0,86.82608695652173,3.929801501584648,74,114374.0,0.16804261119143113,74,114374.0
3365.0,71,1576.0,10.038216560509554,4.316301197448085,69,110537.0,0.20270542331776661,69,110537.0
3370.0,79,1955.0,12.694805194805195,4.287987989357809,77,105755.0,0.2149210567241903,77,105755.0
3375.0,89,2367.0,15.173076923076923,4.005644766906194,87,101002.0,0.181430467255197,87,101002.0
3380.0,98,2833.0,18.27741935483871,3.8027695798308097,96,97254.0,0.17222757603298253,96,97254.0
3385.0,104,3332.0,21.088607594936708,3.703746967789547,102,91627.0,0.15451908504463427,102,91627.0
3390.0,101,3765.0,23.53125,3.91781220426504,100,86974.0,0.16629642569947978,100,86974.0
3395.0,97,3923.0,24.51875,3.9400976561800034,96,83230.0,0.16792745673926637,96,83230.0
3400.0,96,4150.0,26.774193548387096,3.6804909991531654,94,79522.0,0.1657502942443713,94,79522.0
3405.0,95,4315.0,27.484076433121018,3.9187019773099583,93,76758.0,0.16878477529132832,93,76758.0
3410.0,98,4556.0,29.393548387096775,3.5608270454377773,96,76841.0,0.15022762867152079,96,76841.0
3415.0,100,4816.0,31.272727272727273,3.5255496030869122,98,76942.0,0.14653211661055993,98,76942.0
3420.0,100,5077.0,32.33757961783439,3.563780654797928,98,77041.0,0.1292564237866351,98,77041.0
3425.0,100,5286.0,33.0375,3.5816251018750465,98,77139.0,0.13806740933362072,98,77139.0
3430.0,101,5615.0,35.993589743589745,3.5176239198628494,99,77243.0,0.15518956625953123,99,77243.0
3435.0,102,5893.0,37.77564102564103,3.3646807236919742,100,77352.0,0.1510461514588854,100,77352.0
3440.0,103,6288.0,40.05095541401274,3.4146066146847587,101,77464.0,0.1562035847214266,101,77464.0
3445.0,109,6813.0,43.394904458598724,2.931709641732375,107,77594.0,0.1254805685619508,107,77594.0
3450.0,116,7376.0,47.58709677419355,2.775206852981864,114,77763.0,0.12114440335552634,114,77763.0
3455.0,118,7960.0,51.688311688311686,2.691186400783136,116,77955.0,0.11969558395711105,116,77955.0
3460.0,120,8427.0,52.01851851851852,2.790818451893774,119,77166.0,0.1318999934831159,119,77166.0
3465.0,114,7871.0,48.28834355828221,2.7662447177868907,114,77351.0,0.13122980157192007,114,77351.0
3470.0,108,6498.0,39.38181818181818,2.951607390854173,108,76979.0,0.14081983022476705,108,76979.0
3475.0,93,5398.0,33.32098765432099,2.940792299566191,91,76344.0,0.152692960103802,91,76344.0
3480.0,95,5435.0,33.140243902439025,2.7778732073141397,93,76019.0,0.12410278832742357,93,76019.0
3485.0,104,5705.0,34.36746987951807,2.7901475796926904,102,75835.0,0.11589720799929147,102,75835.0
3490.0,112,6030.0,36.10778443113772,2.8191217595976386,110,75829.0,0.10484197616130886,110,75829.0
3495.0,111,6323.0,36.76162790697674,2.766885991358285,109,75841.0,0.09887779035369873,109,75841.0
3500.0,114,6595.0,38.343023255813954,2.9264599991739115,112,75848.0,0.11510464325531902,112,75848.0
3505.0,112,6854.0,40.31764705882353,2.7374405718593224,110,75840.0,0.10335231790460583,110,75840.0
3510.0,118,7321.0,43.06470588235294,2.5137627577868416,116,76017.0,0.09522998416020888,116,76017.0
3515.0,128,7933.0,46.122093023255815,2.3653471628101883,126,76135.0,0.08469408136762274,126,76135.0
3520.0,135,8411.0,49.187134502923975,1.7204479674812139,135,76402.0,0.057922919037186354,135,76402.0
3525.0,135,8397.0,49.10526315789474,1.6377097671558634,135,74523.0,0.0611317901477205,135,74523.0
3530.0,123,7638.0,44.15028901734104,1.467841601331435,121,74542.0,0.0570226076007624,121,74542.0
3535.0,120,6686.0,37.77401129943503,1.9819492041575737,118,74544.0,0.08017456103524921,118,74544.0
3540.0,114,5866.0,32.58888888888889,2.4275710427006856,112,74484.0,0.09552920242399413,112,74484.0
3545.0,110,5115.0,28.104395604395606,2.7377693794842077,108,74413.0,0.1029038652249169,108,74413.0
3550.0,103,4470.0,24.42622950819672,3.0230614022974636,101,74282.0,0.11335303897615828,101,74282.0
3555.0,101,3792.0,21.066666666666666,2.8422710983454125,99,74241.0,0.1054676265323568,99,74241.0
3560.0,96,2982.0,16.65921787709497,3.3336124355607186,94,74155.0,0.12444656595066374,94,74155.0
3565.0,90,2352.0,13.44,3.369824690998642,88,74039.0,0.13563997440431882,88,74039.0
3570.0,84,2176.0,12.651162790697674,3.6872441131632807,82,73935.0,0.1679065957874573,82,73935.0
3575.0,93,2613.0,15.280701754385966,3.9999456117739767,91,73812.0,0.18211365351208136,91,73812.0
3580.0,97,2979.0,17.523529411764706,3.8355236744648464,96,72797.0,0.17546156864331766,96,72797.0
3585.0,102,3226.0,18.75581395348837,3.6569620766135755,100,72869.0,0.1733201198441675,100,72869.0
3590.0,106,3550.0,20.760233918128655,3.2363831714854605,104,72921.0,0.1356732218423551,104,72921.0
3595.0,106,3854.0,22.80473372781065,3.328544552061016,104,72954.0,0.13267879085603668,104,72954.0
3600.0,107,4214.0,24.788235294117648,3.3743558717126674,105,73022.0,0.12891140902085194,105,73022.0
3605.0,108,4579.0,26.316091954022987,3.263152305813723,106,73138.0,0.13819848837539997,106,73138.0
3610.0,106,4948.0,28.601156069364162,3.6066026590018634,104,73236.0,0.15050806156590457,104,73236.0
3615.0,108,5324.0,31.31764705882353,3.48976859216812,106,73384.0,0.148658241224332,106,73384.0
3620.0,109,5709.0,33.3859649122807,3.5165823729705115,107,73549.0,0.15004462494568827,107,73549.0
3625.0,114,6101.0,35.67836257309941,3.2757726062534256,112,73722.0,0.13099459932266289,112,73722.0
3630.0,116,6630.0,39.23076923076923,3.135405217006112,114,73915.0,0.12414636453281237,114,73915.0
3635.0,120,7218.0,42.710059171597635,3.149900205502919,118,74128.0,0.11311674851776686,118,74128.0
3640.0,125,7824.0,45.225433526011564,2.977892693664912,123,74359.0,0.11303920605178719,123,74359.0
3645.0,126,8450.0,49.705882352941174,2.9418269798800063,124,74611.0,0.12711972958790532,124,74611.0
3650.0,128,9085.0,52.51445086705202,3.095224235460653,126,74871.0,0.13041258494413344,126,74871.0
3655.0,129,9720.0,56.1849710982659,3.0705039516197905,127,75131.0,0.13595211756465875,127,75131.0
3660.0,130,10360.0,59.884393063583815,2.8632656539138686,128,75396.0,0.11199160283939252,128,75396.0
3665.0,134,11021.0,64.82941176470588,2.596207178202165,132,75682.0,0.10861929682888531,132,75682.0
3670.0,135,11688.0,69.15976331360947,2.4321495780508346,133,75974.0,0.10282427717013183,133,75974.0
3675.0,134,12358.0,71.02298850574712,2.441585268160839,132,76269.0,0.0997384153139973,132,76269.0
3680.0,133,12747.0,71.2122905027933,2.7778260138899924,132,75601.0,0.11361563340855449,132,75601.0
3685.0,132,12416.0,70.54545454545455,2.658936923660597,132,75885.0,0.12456674953224126,132,75885.0
3690.0,119,10462.0,59.10734463276836,2.6928505669527674,119,75221.0,0.13343697995885795,119,75221.0
3695.0,108,8023.0,44.82122905027933,2.4419864621002465,106,74766.0,0.10843295204956253,106,74766.0
3700.0,106,7047.0,39.813559322033896,2.4115546100711702,104,74362.0,0.11491690854794798,104,74362.0
3705.0,106,6875.0,38.19444444444444,2.4508981164933665,106,74515.0,0.10779597053667882,106,74515.0
3710.0,112,6770.0,36.79347826086956,2.112068674938997,112,72718.0,0.08973896726780276,112,72718.0
3715.0,108,5908.0,31.593582887700535,2.420837913157572,106,72816.0,0.10600404904124522,106,72816.0
3720.0,105,5323.0,28.46524064171123,2.6849626763789995,103,72873.0,0.11411058372038761,103,72873.0
3725.0,102,4777.0,25.409574468085108,2.7699453177664144,100,72976.0,0.12253948790342481,100,72976.0
3730.0,106,4464.0,23.49473684210526,2.8613001846521224,104,73096.0,0.11788899796770376,104,73096.0
3735.0,110,4099.0,21.348958333333332,3.0528945677300414,108,73238.0,0.11992571774936528,108,73238.0
3740.0,116,4103.0,21.259067357512954,3.0971470260787672,114,73426.0,0.12064238223562451,114,73426.0
3745.0,123,3795.0,19.561855670103093,3.017115528598833,121,73640.0,0.11138022849175463,121,73640.0
3750.0,117,3665.0,18.891752577319586,3.212242786071974,115,73860.0,0.12419722940071952,115,73860.0
3755.0,119,3715.0,19.248704663212436,3.346719705743068,117,74080.0,0.1359628601286026,117,74080.0
3760.0,127,4324.0,22.638743455497384,3.1486369055044108,125,74332.0,0.12759263045986022,125,74332.0
3765.0,137,4500.0,23.56020942408377,2.5060330590920037,137,74619.0,0.09040582299994879,137,74619.0
3770.0,139,4387.0,22.848958333333332,2.2212176635974914,139,73922.0,0.08844579294805428,139,73922.0
3775.0,136,3787.0,19.931578947368422,2.300134398378627,134,73367.0,0.09507201870249109,134,73367.0
3780.0,127,3417.0,18.07936507936508,2.3379376697712275,125,73094.0,0.10029939768491396,125,73094.0
3785.0,124,3337.0,17.112820512820512,2.1979304843872063,124,73348.0,0.09774640222817348,124,73348.0
3790.0,125,3549.0,18.2,2.340791382982537,125,71657.0,0.11270414335044356,125,71657.0
3795.0,125,3476.0,17.64467005076142,2.408070390444857,123,71839.0,0.11215084203385779,123,71839.0
3800.0,128,3372.0,17.116751269035532,2.375041128436597,126,72003.0,0.10090255801683186,126,72003.0
3805.0,126,3238.0,16.271356783919597,2.1911818293643934,126,72266.0,0.08688136936217589,126,72266.0
3810.0,119,3015.0,15.075,2.070855078566618,119,71624.0,0.08481750895492744,119,71624.0
3815.0,111,2588.0,12.875621890547263,2.1758648000942586,109,71366.0,0.08732838373010884,109,71366.0
3820.0,107,2220.0,10.829268292682928,2.3122373868555743,105,71166.0,0.10234793090174307,105,71166.0
3825.0,100,1923.0,9.472906403940886,2.2453279588266994,100,71247.0,0.10356044864445192,100,71247.0
3830.0,108,1527.0,7.412621359223301,2.0733167496983715,108,69384.0,0.09195557420621013,108,69384.0
3835.0,110,1124.0,5.429951690821256,2.044403867179745,108,69427.0,0.08079156810463177,108,69427.0
3840.0,126,1320.0,6.407766990291262,2.086246379858547,124,69471.0,0.07513483092036179,124,69471.0
3845.0,137,1502.0,7.256038647342995,1.7748888033733698,137,69774.0,0.062455190317046785,137,69774.0
3850.0,127,1537.0,7.354066985645933,1.7892440310008744,127,69270.0,0.06607341504783669,127,69270.0
3855.0,123,1401.0,6.546728971962617,1.8294523289670994,121,69213.0,0.06959204612262485,121,69213.0
3860.0,115,1303.0,6.0046082949308754,2.135538408882157,113,69179.0,0.09073570045052821,113,69179.0
3865.0,115,1402.0,6.5514018691588785,2.117807893852171,113,69185.0,0.09272466634201953,113,69185.0
3870.0,123,1741.0,8.13551401869159,2.1713099419842337,121,69127.0,0.08465843985372624,121,69127.0
3875.0,120,2135.0,10.023474178403756,2.1006605983628885,118,69077.0,0.07408012446292035,118,69077.0
3880.0,137,2518.0,11.766355140186915,1.8275196494108175,137,69291.0,0.054132314994312834,137,69291.0
3885.0,142,2713.0,12.797169811320755,1.3239439361776886,142,67637.0,0.04108121507220557,142,67637.0
3890.0,154,2643.0,12.179723502304148,1.3135442858036837,152,67783.0,0.034008933643055156,152,67783.0
3895.0,153,2694.0,12.472222222222221,1.7163955022132091,151,67976.0,0.06046057532549894,151,67976.0
3900.0,152,2872.0,13.42056074766355,1.7595020494343805,150,68139.0,0.06354959657696535,150,68139.0
3905.0,146,3004.0,14.103286384976526,2.21628596980121,144,68304.0,0.08013973987955034,144,68304.0
3910.0,137,3125.0,14.74056603773585,2.5018018796102925,135,68383.0,0.08558013051108863,135,68383.0
3915.0,130,3208.0,15.423076923076923,2.536091176741939,128,68528.0,0.09027028528306141,128,68528.0
3920.0,122,3354.0,16.441176470588236,2.6889521979162327,120,68642.0,0.09998856890891147,120,68642.0
3925.0,118,3073.0,15.137931034482758,2.6031835537205694,118,68847.0,0.10216916504102051,118,68847.0
3930.0,105,2584.0,12.92,2.642721270010553,105,68175.0,0.12075056275140267,105,68175.0
3935.0,106,2230.0,11.206030150753769,2.8435514211853192,104,68120.0,0.13438697158093948,104,68120.0
3940.0,115,2114.0,10.730964467005077,2.495863842124346,113,68118.0,0.11682758603059612,113,68118.0
3945.0,127,2306.0,11.472636815920398,2.129319216790662,127,68330.0,0.08586058959644946,127,68330.0
3950.0,132,2567.0,12.707920792079207,1.9466449305592146,132,66976.0,0.0741842894084182,132,66976.0
3955.0,132,2612.0,12.930693069306932,1.9765244848373222,130,67051.0,0.0682931163835699,130,67051.0
3960.0,134,2703.0,13.31527093596059,2.038138552682717,132,67088.0,0.06221025341520954,132,67088.0
3965.0,134,2836.0,13.766990291262136,2.0629577537414217,132,67141.0,0.07102524320656109,132,67141.0
3970.0,131,2876.0,13.96116504854369,2.368551413563418,129,67263.0,0.09662909668608805,129,67263.0
3975.0,129,3004.0,14.442307692307692,2.65220238689786,127,67289.0,0.10446293478217207,127,67289.0
3980.0,123,3057.0,14.697115384615385,2.674119211001895,121,67355.0,0.10247588676419768,121,67355.0
3985.0,122,2960.0,14.29951690821256,2.475478710730875,122,67593.0,0.09353686698442033,122,67593.0
3990.0,109,2411.0,11.818627450980392,2.567295301320204,109,66911.0,0.10498611096030018,109,66911.0
3995.0,100,1876.0,9.52284263959391,2.592177734022149,98,66835.0,0.11460807209657588,98,66835.0
4000.0,107,1837.0,9.231155778894472,2.4543261281270907,105,66714.0,0.11156112894996695,105,66714.0
4005.0,119,1985.0,9.826732673267326,2.363778704098136,119,66957.0,0.10529644026167088,119,66957.0
4010.0,129,2209.0,10.82843137254902,2.088257445187855,129,65279.0,0.09053132170803278,129,65279.0
4015.0,130,2258.0,11.014634146341463,2.097408367122581,128,65364.0,0.07548786239751736,128,65364.0
4020.0,134,2396.0,11.80295566502463,1.9658234376490131,132,65414.0,0.0734603049317046,132,65414.0
4025.0,134,2504.0,12.214634146341464,2.0015914791578475,132,65563.0,0.06888799761182757,132,65563.0
4030.0,136,2697.0,13.220588235294118,2.188011397490809,134,65776.0,0.07317877945617828,134,65776.0
4035.0,128,2817.0,13.47846889952153,2.4026409027053197,126,66004.0,0.09032576596452799,126,66004.0
4040.0,126,3023.0,14.192488262910798,2.764542282858041,124,66186.0,0.10787424913927075,124,66186.0
4045.0,120,3115.0,14.904306220095695,2.6550430463332453,118,66381.0,0.1122073845184249,118,66381.0
4050.0,115,3307.0,15.97584541062802,2.965657860819357,113,66566.0,0.12045127426534057,113,66566.0
4055.0,112,3253.0,16.02463054187192,2.781515216161736,112,66773.0,0.1118940463585194,112,66773.0
4060.0,116,3125.0,15.470297029702971,2.614871914664916,116,66005.0,0.110982510246057,116,66005.0
4065.0,113,2680.0,13.267326732673267,2.561188137341067,111,65464.0,0.101073035705903,111,65464.0
4070.0,123,2566.0,12.336538461538462,2.5072580686528023,121,65506.0,0.09216669650233965,121,65506.0
4075.0,127,2709.0,13.279411764705882,2.1189561397464916,127,65824.0,0.08721171366015217,127,65824.0
4080.0,129,2847.0,13.887804878048781,2.082501965239885,129,64249.0,0.08824421288311014,129,64249.0
4085.0,127,2824.0,13.576923076923077,2.0870942629334377,125,64425.0,0.08035353264773076,125,64425.0
4090.0,136,2902.0,14.087378640776699,1.9098827364743978,134,64639.0,0.06989359004571744,134,64639.0
4095.0,135,2877.0,13.898550724637682,1.824754518327986,133,64889.0,0.06302275220575634,133,64889.0
4100.0,135,2786.0,13.330143540669857,1.8989641808508901,135,65202.0,0.06323949721118152,135,65202.0
4105.0,130,2498.0,11.672897196261681,1.8799629036293959,130,64541.0,0.06223150089797253,130,64541.0
4110.0,110,2093.0,9.780373831775702,2.2759774803702184,109,63678.0,0.08734310209916389,109,63678.0
4115.0,109,1732.0,8.131455399061032,2.2362991655068,107,63709.0,0.09175203018455354,107,63709.0
4120.0,106,1483.0,7.095693779904306,1.9862366430735843,106,63927.0,0.08326609925595638,106,63927.0
4125.0,99,1278.0,6.114832535885167,2.0004164025110818,99,62224.0,0.08165578112655295,99,62224.0
4130.0,110,1338.0,6.341232227488152,2.1210758684587447,108,62263.0,0.0803048835868491,108,62263.0
4135.0,121,1484.0,7.169082125603865,1.8408987412927111,119,62365.0,0.05959285379430217,119,62365.0
4140.0,129,1684.0,8.057416267942584,1.8779379859275882,127,62486.0,0.059268368860601356,127,62486.0
4145.0,134,1846.0,8.546296296296296,1.9116968296724375,134,62812.0,0.06301100369891878,134,62812.0
4150.0,123,1737.0,8.116822429906541,1.977423293283641,123,62188.0,0.0772178637456043,123,62188.0
4155.0,118,1585.0,7.476415094339623,2.0510164106693103,116,61871.0,0.08554638734446993,116,61871.0
4160.0,117,1514.0,7.244019138755981,1.9560577122749812,115,61972.0,0.08211256157289139,115,61972.0
4165.0,106,1422.0,6.869565217391305,1.881747965553312,106,62149.0,0.07691522286855623,106,62149.0
4170.0,99,1313.0,6.404878048780488,1.9098504976794053,99,60473.0,0.07934006071691163,99,60473.0
4175.0,111,1382.0,6.741463414634146,1.9326874482293899,109,60435.0,0.06549786486023149,109,60435.0
4180.0,122,1530.0,7.216981132075472,2.0242701572043127,120,60512.0,0.07045132426872806,120,60512.0
4185.0,125,1607.0,7.509345794392523,1.9541917578515842,125,60790.0,0.06852931229642474,125,60790.0
4190.0,124,1596.0,7.457943925233645,2.0323065159438585,124,60202.0,0.07535859722368786,124,60202.0
4195.0,113,1445.0,6.784037558685446,2.0270995066348543,112,59502.0,0.06850501235608711,112,59502.0
4200.0,115,1418.0,6.8173076923076925,1.8511021672283603,113,59672.0,0.06395814579930678,113,59672.0
4205.0,110,1332.0,6.434782608695652,1.7711240790381213,110,59948.0,0.06004520450242596,110,59948.0
4210.0,105,1286.0,6.303921568627451,1.7559799169511634,105,58307.0,0.0649954523975687,105,58307.0
4215.0,99,1077.0,5.253658536585366,1.8738640859078592,97,58272.0,0.06768950809721912,97,58272.0
4220.0,112,1234.0,6.049019607843137,1.9668327690528924,110,58217.0,0.07926713567037438,110,58217.0
4225.0,126,1395.0,6.739130434782608,1.8639056890529122,126,58535.0,0.07063770360481937,126,58535.0
4230.0,123,1356.0,6.457142857142857,1.7328379685778392,123,57962.0,0.06722859881958189,123,57962.0
4235.0,118,1232.0,5.951690821256038,1.5746984843832466,116,58133.0,0.055683710539767214,116,58133.0
4240.0,117,1246.0,6.019323671497585,1.5660828014918178,115,58331.0,0.06206398470056001,115,58331.0
4245.0,110,1299.0,6.399014778325123,1.4692377721607892,110,58622.0,0.061483609039056614,110,58622.0
4250.0,106,1272.0,6.174757281553398,1.480429040619746,106,57003.0,0.057445421727808164,106,57003.0
4255.0,110,1183.0,5.770731707317073,1.7806592145102147,108,56956.0,0.0761478696745907,108,56956.0
4260.0,118,1302.0,6.382352941176471,1.90905424816713,116,56877.0,0.07972280802067676,116,56877.0
4265.0,128,1476.0,7.096153846153846,1.7378336720929053,128,57222.0,0.07027434623017229,128,57222.0
4270.0,127,1464.0,6.938388625592417,1.608263155147257,127,56710.0,0.05595973219483074,127,56710.0
4275.0,123,1378.0,6.561904761904762,1.6310995053624933,121,56915.0,0.055440085424296154,121,56915.0
4280.0,118,1325.0,6.400966183574879,1.6291353186705853,116,57138.0,0.05318138141215861,116,57138.0
4285.0,118,1311.0,6.302884615384615,1.563943451322386,118,57430.0,0.05338462240264499,118,57430.0
4290.0,108,1258.0,6.048076923076923,1.783280279616798,108,55833.0,0.07027248078816735,108,55833.0
4295.0,107,1134.0,5.53170731707317,1.9746862186752299,105,55751.0,0.08037685059511064,105,55751.0
4300.0,115,1284.0,6.173076923076923,2.189253463621499,113,55731.0,0.08196880517070876,113,55731.0
4305.0,120,1402.0,6.7729468599033815,1.6889896226506957,120,55988.0,0.05909421958627678,120,55988.0
4310.0,124,1422.0,6.803827751196172,1.5599515947928644,124,55484.0,0.05783802683694537,124,55484.0
4315.0,125,1385.0,6.658653846153846,1.6272264030705916,123,55729.0,0.05499367859626639,123,55729.0
4320.0,117,1316.0,6.357487922705314,1.7018881588114352,115,55960.0,0.05683750145108189,115,55960.0
4325.0,119,1434.0,6.927536231884058,1.7032475633455706,117,56214.0,0.0717501236248908,117,56214.0
4330.0,123,1626.0,7.970588235294118,1.6986492415206857,123,56522.0,0.07415238795262452,123,56522.0
4335.0,117,1669.0,8.141463414634146,1.8184459248690366,117,54891.0,0.07139030046947821,117,54891.0
4340.0,118,1658.0,8.207920792079207,1.6154209768895613,116,54853.0,0.06309425640372918,116,54853.0
4345.0,131,1829.0,8.83574879227053,1.7692936776209198,129,54703.0,0.05394723011570232,129,54703.0
4350.0,131,1917.0,9.26086956521739,1.7841360157292923,131,55194.0,0.05948019653415668,131,55194.0
4355.0,130,1870.0,9.033816425120772,1.6803679553515714,130,54824.0,0.05136660434827579,130,54824.0
4360.0,123,1613.0,7.644549763033176,1.8230025844902291,121,55221.0,0.059744186592507985,121,55221.0
4365.0,114,1431.0,6.980487804878049,1.9289639981896864,112,55604.0,0.08132556048289506,112,55604.0
4370.0,110,1363.0,6.681372549019608,1.8969706544146359,110,55998.0,0.07519860651084623,110,55998.0
4375.0,106,1286.0,6.398009950248756,1.6859737468610023,106,54440.0,0.06679122475715639,106,54440.0
4380.0,104,1054.0,5.350253807106599,1.765431853644671,102,54290.0,0.07358739776048327,102,54290.0
4385.0,110,1204.0,6.050251256281407,1.7800742602230628,108,54182.0,0.06766134941344969,108,54182.0
4390.0,114,1313.0,6.532338308457711,1.6469514336528994,114,54400.0,0.055789647903399235,114,54400.0
4395.0,120,1409.0,6.774038461538462,1.702194349913494,120,53875.0,0.05934769748365311,120,53875.0
4400.0,115,1336.0,6.485436893203883,1.9000104303573742,113,54122.0,0.07576535625320023,113,54122.0
4405.0,113,1272.0,6.174757281553398,1.9201212174877555,111,54373.0,0.07508139287706762,111,54373.0
4410.0,115,1338.0,6.623762376237623,1.6945994250198697,115,54709.0,0.06927797922521822,115,54709.0
4415.0,111,1331.0,6.655,1.5039067333592306,111,53152.0,0.06340934848519916,111,53152.0
4420.0,107,1156.0,5.809045226130653,1.6419239135660404,105,53035.0,0.06503749945727298,105,53035.0
4425.0,114,1306.0,6.497512437810945,2.0014676941138663,112,52753.0,0.06740827525730529,112,52753.0
4430.0,118,1443.0,7.073529411764706,1.707458582610247,118,53144.0,0.05731927822509681,118,53144.0
4435.0,117,1387.0,6.636363636363637,1.9630702968116553,117,52650.0,0.07409552912828016,117,52650.0
4440.0,114,1300.0,6.341463414634147,2.028235744506728,112,52932.0,0.07597553827375297,112,52932.0
4445.0,111,1253.0,6.142156862745098,1.9286607887605356,109,53191.0,0.07621428005406511,109,53191.0
4450.0,115,1291.0,6.422885572139304,1.703949508296444,115,53533.0,0.06625057918412826,115,53533.0
4455.0,110,1341.0,6.7727272727272725,1.54551573315069,110,51977.0,0.06707246250666012,110,51977.0
4460.0,108,1189.0,6.066326530612245,1.6558025324451764,106,51817.0,0.06647020655357173,106,51817.0
4465.0,119,1367.0,6.800995024875622,1.688687012704759,117,51713.0,0.06522522725773697,117,51713.0
4470.0,118,1429.0,7.004901960784314,1.63499640933718,118,52057.0,0.0650799524162594,118,52057.0
4475.0,118,1387.0,6.668269230769231,1.8434878429895378,118,51528.0,0.074542987458222,118,51528.0
4480.0,113,1269.0,6.220588235294118,1.75265888619256,111,51786.0,0.06976847650927169,111,51786.0
4485.0,111,1245.0,6.0144927536231885,1.8408450329823711,109,52052.0,0.06426942814420808,109,52052.0
4490.0,116,1349.0,6.678217821782178,1.602878859761318,116,52426.0,0.05993568304659511,116,52426.0
4495.0,107,1302.0,6.542713567839196,1.45478857616281,107,50904.0,0.05312138645003636,107,50904.0
4500.0,104,1182.0,5.96969696969697,1.6784462004544056,102,50799.0,0.05489648841497721,102,50799.0
4505.0,114,1340.0,6.600985221674877,1.9400098155688368,112,50626.0,0.06995092287213124,112,50626.0
4510.0,113,1425.0,6.985294117647059,1.9149222193784419,113,50901.0,0.07443550596035393,113,50901.0
4515.0,115,1342.0,6.546341463414634,1.909138439516342,115,50401.0,0.07390856062614133,115,50401.0
4520.0,110,1186.0,5.785365853658536,2.056466088408106,108,50679.0,0.0725268036534774,108,50679.0
4525.0,115,1210.0,5.99009900990099,1.772863325981912,113,50971.0,0.06411491923438047,113,50971.0
4530.0,112,1228.0,6.202020202020202,1.523334346137474,112,51307.0,0.05444221470051917,112,51307.0
4535.0,110,1262.0,6.471794871794872,1.5302052431893711,110,49789.0,0.05902267412808364,110,49789.0
4540.0,107,1126.0,5.658291457286432,1.8069007595675228,105,49644.0,0.07025894010366254,105,49644.0
4545.0,111,1253.0,6.328282828282828,2.1628825081570144,109,49324.0,0.08710895024119156,109,49324.0
4550.0,117,1478.0,7.316831683168317,2.367299540622099,115,49254.0,0.09244228992293968,115,49254.0
4555.0,118,1704.0,8.352941176470589,2.52256575310951,116,49253.0,0.08906904818605292,116,49253.0
4560.0,117,1790.0,8.77450980392157,2.568447758612482,117,49670.0,0.08849621481384051,117,49670.0
4565.0,111,1658.0,8.29,2.351965816426858,111,49220.0,0.08594991209631955,111,49220.0
4570.0,101,1476.0,7.608247422680412,2.292955951160576,99,49540.0,0.09042566084498387,99,49540.0
4575.0,100,1408.0,7.295336787564767,2.304078520415717,98,49881.0,0.08846212181653572,98,49881.0
4580.0,100,1394.0,7.298429319371728,2.2870023422555588,100,50206.0,0.1000784662621344,100,50206.0
4585.0,114,1640.0,8.49740932642487,2.1909252516723505,114,48735.0,0.0981599736968048,114,48735.0
4590.0,117,1673.0,8.66839378238342,2.081695127326539,115,48736.0,0.08584631083284171,115,48736.0
4595.0,123,1760.0,9.072164948453608,2.1064706200749015,121,48637.0,0.08114660757997053,121,48637.0
4600.0,122,1847.0,9.28140703517588,2.0430414281911897,122,49030.0,0.07356799801120431,122,49030.0
4605.0,117,1753.0,8.943877551020408,1.8517674720930273,117,48525.0,0.07038483279873954,117,48525.0
4610.0,109,1580.0,7.745098039215686,2.0178633909009935,107,48855.0,0.0635914656623083,107,48855.0
4615.0,110,1531.0,7.46829268292683,2.0363332331762263,108,49240.0,0.07470671265170017,108,49240.0
4620.0,111,1458.0,7.401015228426396,1.7407406913424701,111,49633.0,0.07365280096761499,111,49633.0
4625.0,105,1305.0,6.658163265306122,1.7441104558253206,105,48209.0,0.07208362916991655,105,48209.0
4630.0,97,1093.0,5.605128205128205,2.010508252324084,95,48100.0,0.08052665090294332,95,48100.0
4635.0,108,1203.0,6.137755102040816,1.9778329083444663,106,48100.0,0.07525141841089285,106,48100.0
4640.0,111,1299.0,6.593908629441624,1.8831945205244356,111,48387.0,0.06217776501625206,111,48387.0
4645.0,113,1305.0,6.428571428571429,1.7029812847618935,113,47861.0,0.06127177028614852,113,47861.0
4650.0,111,1252.0,6.198019801980198,1.8136608524924875,109,48189.0,0.06545354596624273,109,48189.0
4655.0,114,1283.0,6.383084577114428,1.94423371522556,113,48550.0,0.07108033147583391,113,48550.0
4660.0,109,1299.0,6.5606060606060606,1.7584033083215833,109,48905.0,0.06774967847995768,109,48905.0
4665.0,105,1293.0,6.630769230769231,1.6380690219476401,105,47470.0,0.07051134006370038,105,47470.0
4670.0,100,1096.0,5.62051282051282,1.9541275695152676,98,47407.0,0.08056566008417074,98,47407.0
4675.0,106,1208.0,6.259067357512953,1.8718129806003878,104,47296.0,0.06942702219533986,104,47296.0
4680.0,116,1331.0,6.756345177664975,1.7779834468823934,116,47649.0,0.057377096845660946,116,47649.0
4685.0,113,1314.0,6.472906403940887,1.7904440062852107,113,47141.0,0.06848394565051125,113,47141.0
4690.0,118,1282.0,6.315270935960591,1.9996808690887529,116,47497.0,0.0759229701490191,116,47497.0
4695.0,118,1326.0,6.63,1.7381850515173687,116,47874.0,0.0672805584052626,116,47874.0
4700.0,114,1327.0,6.7360406091370555,1.5808875333316668,114,48253.0,0.06067384217241184,114,48253.0
4705.0,107,1313.0,6.66497461928934,1.688332900641123,107,46864.0,0.0667844277044723,107,46864.0
4710.0,105,1203.0,6.233160621761658,1.7316641434692535,103,46841.0,0.06921684632925439,103,46841.0
4715.0,112,1309.0,6.782383419689119,1.9314549239849066,110,46736.0,0.06825580734590554,110,46736.0
4720.0,119,1417.0,7.014851485148514,1.7814027241117436,119,47168.0,0.06327454267200844,119,47168.0
4725.0,113,1343.0,6.615763546798029,1.9413171336529886,113,46730.0,0.07672961339489265,113,46730.0
4730.0,114,1282.0,6.284313725490196,2.0548233387837946,112,47130.0,0.07226988873067759,112,47130.0
4735.0,114,1286.0,6.398009950248756,1.76305369586583,112,47555.0,0.06230295808794478,112,47555.0
4740.0,111,1246.0,6.292929292929293,1.684756984241912,111,47989.0,0.06344165981457993,111,47989.0
4745.0,104,1198.0,6.143589743589744,1.6460383416154978,104,46666.0,0.07221790273750525,104,46666.0
4750.0,96,1047.0,5.453125,1.6947542351283225,94,46711.0,0.06807042243295673,94,46711.0
4755.0,108,1184.0,6.103092783505154,1.8126991746154346,106,46732.0,0.07372082127821485,106,46732.0
4760.0,110,1253.0,6.265,2.0390386830477962,110,47022.0,0.08089658772643647,110,47022.0
4765.0,109,1223.0,5.995098039215686,2.0191495476634516,109,46544.0,0.07826751103354124,109,46544.0
4770.0,107,1214.0,6.00990099009901,2.0918192975658734,105,46877.0,0.0767914555616958,105,46877.0
4775.0,111,1216.0,6.110552763819095,1.781184695120475,109,47236.0,0.07053959304893279,109,47236.0
4780.0,108,1236.0,6.242424242424242,1.6896637540314656,108,47596.0,0.06589875701196499,108,47596.0
4785.0,103,1227.0,6.324742268041237,1.5031384692604086,103,46211.0,0.061487449200839844,103,46211.0
4790.0,99,1098.0,5.573604060913706,1.8037570483454979,97,46151.0,0.07053943226488792,97,46151.0
4795.0,110,1210.0,6.173469387755102,2.0207225007027634,108,46058.0,0.08550234314518199,108,46058.0
4800.0,116,1309.0,6.545,1.940424997399728,116,46424.0,0.07898658358235759,116,46424.0
4805.0,113,1279.0,6.3316831683168315,1.874827557858444,113,45895.0,0.07622727654919541,113,45895.0
4810.0,114,1183.0,5.885572139303482,1.7752345917768344,112,46221.0,0.071318005070747,112,46221.0
4815.0,114,1273.0,6.333333333333333,1.6534156269878642,112,46620.0,0.06344804334742515,112,46620.0
4820.0,111,1234.0,6.232323232323233,1.5312255883125716,111,47046.0,0.05514000113613577,111,47046.0
4825.0,110,1211.0,6.085427135678392,1.4660323726780513,110,45742.0,0.05377915761417774,110,45742.0
4830.0,101,1095.0,5.475,2.0253640130735118,99,45769.0,0.08102076062459636,99,45769.0
4835.0,113,1220.0,6.130653266331659,2.2256799934434772,111,45687.0,0.08342434889978445,111,45687.0
4840.0,118,1335.0,6.675,1.996650849260259,118,46176.0,0.07928929923351698,118,46176.0
4845.0,112,1298.0,6.394088669950739,1.8703341434431473,112,45710.0,0.07098358029909987,112,45710.0
4850.0,116,1283.0,6.351485148514851,1.8934321339816649,114,46118.0,0.06948308232320759,114,46118.0
4855.0,115,1309.0,6.577889447236181,1.6587392136426666,113,46523.0,0.05594862761600599,113,46523.0
4860.0,111,1309.0,6.747422680412371,1.4860249084886656,111,46956.0,0.052839849880566274,111,46956.0
4865.0,100,1223.0,6.1767676767676765,1.6810318880008417,100,45626.0,0.07264704552527282,100,45626.0
4870.0,100,1118.0,5.675126903553299,2.1014914352636493,98,45610.0,0.08670544027021955,98,45610.0
4875.0,108,1201.0,6.065656565656566,2.3758673046948715,106,45488.0,0.09307363870418413,106,45488.0
4880.0,112,1394.0,7.040404040404041,2.2515831687183243,110,45522.0,0.08279366703818153,110,45522.0
4885.0,120,1619.0,8.014851485148515,2.39794195442716,118,45590.0,0.08518615935223844,118,45590.0
4890.0,119,1916.0,9.58,2.464573601556201,117,45745.0,0.08393604779363141,117,45745.0
4895.0,115,2198.0,11.1010101010101,2.6690812323556794,113,45842.0,0.09324378925256994,113,45842.0
4900.0,114,2210.0,11.05,2.624187278503752,114,46233.0,0.10174941277225606,114,46233.0
4905.0,100,2008.0,10.350515463917526,2.7384243880513193,100,45599.0,0.12572680791597213,100,45599.0
4910.0,93,1718.0,9.138297872340425,2.6794845721460123,91,45838.0,0.13435712581828826,91,45838.0
4915.0,109,1840.0,9.68421052631579,2.4708359132285636,107,46193.0,0.11207242070984763,107,46193.0
4920.0,120,1912.0,10.116402116402117,2.070503468970945,120,46670.0,0.0916662025185139,120,46670.0
4925.0,126,2179.0,11.348958333333334,1.8995280807518722,126,45512.0,0.0747123926437874,126,45512.0
4930.0,127,2204.0,11.419689119170984,1.90050241091235,125,45786.0,0.0645471835488207,125,45786.0
4935.0,131,2359.0,12.035714285714286,1.965412025259414,129,46070.0,0.07151177479261389,129,46070.0
4940.0,126,2339.0,11.813131313131313,1.9496650147539536,126,46592.0,0.08071569968023816,126,46592.0
4945.0,123,2221.0,11.160804020100503,1.8410212580671732,123,46098.0,0.07900056933669833,123,46098.0
4950.0,114,1959.0,9.650246305418719,1.8998311107117347,112,46462.0,0.06797447744094075,112,46462.0
4955.0,121,1869.0,9.345,1.5929179727515044,119,46870.0,0.06413154070832955,119,46870.0
4960.0,121,1759.0,8.795,1.3370676815855973,121,47279.0,0.05338991150817139,121,47279.0
4965.0,109,1500.0,7.5376884422110555,1.37495477955201,109,45987.0,0.052278224229709166,109,45987.0
4970.0,108,1192.0,5.930348258706467,1.6976002186408654,106,45930.0,0.06198717490145763,106,45930.0
4975.0,115,1330.0,6.683417085427136,1.9205418307123416,113,45934.0,0.08169406317416392,113,45934.0
4980.0,122,1501.0,7.321951219512195,2.295068706374846,120,45965.0,0.08657017180780843,120,45965.0
4985.0,123,1774.0,8.611650485436893,2.310330495717599,121,46248.0,0.0817300068848862,121,46248.0
4990.0,124,2041.0,9.859903381642512,2.5307317000044507,122,46579.0,0.09286850172023058,122,46579.0
4995.0,123,2377.0,11.70935960591133,2.6570588436906393,121,46913.0,0.09857679061701075,121,46913.0
5000.0,119,2677.0,13.52020202020202,2.892991109904346,117,47217.0,0.11029351056907882,117,47217.0
